GDAY_DS,T_ID,W,L,D,누적승률
2020-05-05DH0,OB,0,1,0,0.0
2020-05-06DH0,OB,1,1,0,0.5
2020-05-07DH0,OB,2,1,0,0.6666666666666666
2020-05-08DH0,OB,2,2,0,0.5
2020-05-10DH0,OB,3,2,0,0.6
2020-05-12DH0,OB,4,2,0,0.6666666666666666
2020-05-13DH0,OB,4,3,0,0.5714285714285714
2020-05-14DH0,OB,5,3,0,0.625
2020-05-15DH0,OB,6,3,0,0.6666666666666666
2020-05-16DH0,OB,6,4,0,0.6
2020-05-17DH0,OB,7,4,0,0.6363636363636364
2020-05-19DH0,OB,7,5,0,0.5833333333333334
2020-05-20DH0,OB,8,5,0,0.6153846153846154
2020-05-21DH0,OB,8,6,0,0.5714285714285714
2020-05-22DH0,OB,9,6,0,0.6
2020-05-23DH0,OB,10,6,0,0.625
2020-05-24DH0,OB,10,7,0,0.5882352941176471
2020-05-26DH0,OB,11,7,0,0.6111111111111112
2020-05-27DH0,OB,12,7,0,0.631578947368421
2020-05-28DH0,OB,12,8,0,0.6
2020-05-29DH0,OB,13,8,0,0.6190476190476191
2020-05-30DH0,OB,14,8,0,0.6363636363636364
2020-05-31DH0,OB,14,9,0,0.6086956521739131
2020-06-02DH0,OB,15,9,0,0.625
2020-06-03DH0,OB,15,10,0,0.6
2020-06-04DH0,OB,16,10,0,0.6153846153846154
2020-06-05DH0,OB,17,10,0,0.6296296296296297
2020-06-06DH0,OB,18,10,0,0.6428571428571429
2020-06-07DH0,OB,19,10,0,0.6551724137931034
2020-06-09DH0,OB,19,11,0,0.6333333333333333
2020-06-10DH0,OB,20,11,0,0.6451612903225806
2020-06-11DH0,OB,20,12,0,0.625
2020-06-12DH0,OB,21,12,0,0.6363636363636364
2020-06-13DH0,OB,21,13,0,0.6176470588235294
2020-06-14DH0,OB,21,14,0,0.6
2020-06-16DH0,OB,21,15,0,0.5833333333333334
2020-06-17DH0,OB,21,16,0,0.5675675675675675
2020-06-18DH0,OB,22,16,0,0.5789473684210527
2020-06-19DH0,OB,23,16,0,0.5897435897435898
2020-06-20DH0,OB,24,16,0,0.6
2020-06-21DH0,OB,25,16,0,0.6097560975609756
2020-06-23DH0,OB,26,16,0,0.6190476190476191
2020-06-25DH0,OB,27,16,0,0.627906976744186
2020-06-25DH1,OB,27,17,0,0.6136363636363636
2020-06-26DH0,OB,27,18,0,0.6
2020-06-27DH0,OB,28,18,0,0.6086956521739131
2020-06-28DH0,OB,28,19,0,0.5957446808510638
2020-06-30DH0,OB,28,20,0,0.5833333333333334
2020-07-01DH0,OB,29,20,0,0.5918367346938775
2020-07-02DH0,OB,29,21,0,0.58
2020-07-03DH0,OB,30,21,0,0.5882352941176471
2020-07-04DH0,OB,30,22,0,0.5769230769230769
2020-07-05DH0,OB,31,22,0,0.5849056603773585
2020-07-07DH0,OB,32,22,0,0.5925925925925926
2020-07-08DH0,OB,32,23,0,0.5818181818181818
2020-07-09DH0,OB,33,23,0,0.5892857142857143
2020-07-10DH0,OB,34,23,0,0.5964912280701754
2020-07-11DH0,OB,34,24,0,0.5862068965517241
2020-07-14DH0,OB,34,25,0,0.576271186440678
2020-07-15DH0,OB,35,25,0,0.5833333333333334
2020-07-16DH0,OB,36,25,0,0.5901639344262295
2020-07-17DH0,OB,36,26,0,0.5806451612903226
2020-07-18DH0,OB,37,26,0,0.5873015873015873
2020-07-19DH0,OB,38,26,0,0.59375
2020-07-21DH0,OB,39,26,0,0.6
2020-07-24DH0,OB,39,27,0,0.5909090909090909
2020-07-25DH0,OB,40,27,0,0.5970149253731343
2020-07-26DH0,OB,40,28,0,0.5882352941176471
2020-07-28DH0,OB,40,29,0,0.5797101449275363
2020-07-30DH0,OB,40,30,0,0.5714285714285714
2020-07-31DH0,OB,40,31,0,0.5633802816901409
2020-08-01DH0,OB,41,31,0,0.5694444444444444
2020-08-02DH0,OB,42,31,0,0.5753424657534246
2020-08-04DH0,OB,42,32,0,0.5675675675675675
2020-08-05DH0,OB,42,32,1,0.5675675675675675
2020-08-06DH0,OB,43,32,1,0.5733333333333334
2020-08-07DH0,OB,43,33,1,0.5657894736842105
2020-08-08DH0,OB,43,33,2,0.5657894736842105
2020-08-11DH0,OB,44,33,2,0.5714285714285714
2020-08-12DH0,OB,45,33,2,0.5769230769230769
2020-08-13DH0,OB,45,34,2,0.569620253164557
2020-08-14DH0,OB,45,35,2,0.5625
2020-08-15DH0,OB,46,35,2,0.5679012345679012
2020-08-16DH0,OB,46,36,2,0.5609756097560976
2020-08-18DH0,OB,47,36,2,0.5662650602409639
2020-08-19DH0,OB,47,37,2,0.5595238095238095
2020-08-20DH0,OB,47,38,2,0.5529411764705883
2020-08-21DH0,OB,48,38,2,0.5581395348837209
2020-08-22DH0,OB,49,38,2,0.5632183908045977
2020-08-23DH0,OB,50,38,2,0.5681818181818182
2020-08-25DH0,OB,51,38,2,0.5730337078651685
2020-08-26DH0,OB,51,39,2,0.5666666666666667
2020-08-27DH0,OB,51,40,2,0.5604395604395604
2020-08-28DH0,OB,52,40,2,0.5652173913043478
2020-08-29DH0,OB,52,40,3,0.5652173913043478
2020-08-30DH0,OB,52,41,3,0.5591397849462365
2020-09-01DH0,OB,53,41,3,0.5638297872340425
2020-09-03DH0,OB,53,42,3,0.5578947368421052
2020-09-04DH0,OB,53,43,3,0.5520833333333334
2020-09-05DH0,OB,54,43,3,0.5567010309278351
2020-09-06DH0,OB,55,43,3,0.5612244897959183
2020-09-08DH0,OB,56,43,3,0.5656565656565656
2020-09-09DH0,OB,56,44,3,0.56
2020-09-10DH0,OB,57,44,3,0.5643564356435643
2020-09-12DH0,OB,57,45,3,0.5588235294117647
2020-09-13DH0,OB,57,45,4,0.5588235294117647
2020-09-15DH0,OB,58,45,4,0.5631067961165048
2020-09-16DH0,OB,58,46,4,0.5576923076923077
2020-09-17DH0,OB,58,47,4,0.5523809523809524
2020-09-18DH0,OB,58,48,4,0.5471698113207547
2020-09-19DH0,OB,58,49,4,0.5420560747663551
2020-09-20DH0,OB,59,49,4,0.5462962962962963
2020-09-22DH0,OB,59,50,4,0.5412844036697247
2020-09-23DH0,OB,59,51,4,0.5363636363636364
2020-09-24DH0,OB,60,51,4,0.5405405405405406
2020-09-25DH0,OB,60,52,4,0.5357142857142857
2020-05-05DH0,SS,0,1,0,0.0
2020-05-06DH0,SS,0,2,0,0.0
2020-05-07DH0,SS,0,3,0,0.0
2020-05-08DH0,SS,1,3,0,0.25
2020-05-09DH0,SS,2,3,0,0.4
2020-05-10DH0,SS,2,4,0,0.3333333333333333
2020-05-12DH0,SS,2,5,0,0.2857142857142857
2020-05-13DH0,SS,3,5,0,0.375
2020-05-14DH0,SS,4,5,0,0.4444444444444444
2020-05-15DH0,SS,4,6,0,0.4
2020-05-16DH0,SS,4,7,0,0.36363636363636365
2020-05-17DH0,SS,4,8,0,0.3333333333333333
2020-05-19DH0,SS,4,9,0,0.3076923076923077
2020-05-20DH0,SS,5,9,0,0.35714285714285715
2020-05-21DH0,SS,5,10,0,0.3333333333333333
2020-05-22DH0,SS,5,11,0,0.3125
2020-05-23DH0,SS,5,12,0,0.29411764705882354
2020-05-24DH0,SS,6,12,0,0.3333333333333333
2020-05-26DH0,SS,6,13,0,0.3157894736842105
2020-05-27DH0,SS,7,13,0,0.35
2020-05-28DH0,SS,8,13,0,0.38095238095238093
2020-05-29DH0,SS,9,13,0,0.4090909090909091
2020-05-30DH0,SS,10,13,0,0.43478260869565216
2020-05-31DH0,SS,10,14,0,0.4166666666666667
2020-06-02DH0,SS,11,14,0,0.44
2020-06-03DH0,SS,12,14,0,0.46153846153846156
2020-06-04DH0,SS,12,15,0,0.4444444444444444
2020-06-05DH0,SS,12,16,0,0.42857142857142855
2020-06-06DH0,SS,12,17,0,0.41379310344827586
2020-06-07DH0,SS,13,17,0,0.43333333333333335
2020-06-09DH0,SS,13,18,0,0.41935483870967744
2020-06-10DH0,SS,14,18,0,0.4375
2020-06-11DH0,SS,15,18,0,0.45454545454545453
2020-06-13DH0,SS,15,19,0,0.4411764705882353
2020-06-13DH1,SS,16,19,0,0.45714285714285713
2020-06-14DH0,SS,17,19,0,0.4722222222222222
2020-06-16DH0,SS,18,19,0,0.4864864864864865
2020-06-17DH0,SS,19,19,0,0.5
2020-06-18DH0,SS,19,20,0,0.48717948717948717
2020-06-19DH0,SS,19,21,0,0.475
2020-06-20DH0,SS,19,22,0,0.4634146341463415
2020-06-21DH0,SS,20,22,0,0.47619047619047616
2020-06-23DH0,SS,21,22,0,0.4883720930232558
2020-06-24DH0,SS,22,22,0,0.5
2020-06-25DH0,SS,22,23,0,0.4888888888888889
2020-06-26DH0,SS,23,23,0,0.5
2020-06-27DH0,SS,24,23,0,0.5106382978723404
2020-06-28DH0,SS,24,24,0,0.5
2020-06-30DH0,SS,25,24,0,0.5102040816326531
2020-07-01DH0,SS,26,24,0,0.52
2020-07-02DH0,SS,27,24,0,0.5294117647058824
2020-07-03DH0,SS,28,24,0,0.5384615384615384
2020-07-04DH0,SS,29,24,0,0.5471698113207547
2020-07-05DH0,SS,29,25,0,0.5370370370370371
2020-07-07DH0,SS,30,25,0,0.5454545454545454
2020-07-08DH0,SS,30,26,0,0.5357142857142857
2020-07-09DH0,SS,30,27,0,0.5263157894736842
2020-07-10DH0,SS,30,28,0,0.5172413793103449
2020-07-11DH0,SS,30,29,0,0.5084745762711864
2020-07-14DH0,SS,31,29,0,0.5166666666666667
2020-07-15DH0,SS,31,30,0,0.5081967213114754
2020-07-16DH0,SS,32,30,0,0.5161290322580645
2020-07-17DH0,SS,33,30,0,0.5238095238095238
2020-07-18DH0,SS,34,30,0,0.53125
2020-07-19DH0,SS,34,31,0,0.5230769230769231
2020-07-21DH0,SS,34,32,0,0.5151515151515151
2020-07-25DH0,SS,34,33,0,0.5074626865671642
2020-07-26DH0,SS,34,34,0,0.5
2020-07-29DH0,SS,34,35,0,0.4927536231884058
2020-07-30DH0,SS,35,35,0,0.5
2020-07-31DH0,SS,35,36,0,0.49295774647887325
2020-08-01DH0,SS,35,37,0,0.4861111111111111
2020-08-02DH0,SS,35,38,0,0.4794520547945205
2020-08-04DH0,SS,36,38,0,0.4864864864864865
2020-08-05DH0,SS,36,38,1,0.4864864864864865
2020-08-06DH0,SS,36,39,1,0.48
2020-08-07DH0,SS,37,39,1,0.4868421052631579
2020-08-08DH0,SS,37,40,1,0.4805194805194805
2020-08-11DH0,SS,37,41,1,0.47435897435897434
2020-08-12DH0,SS,37,42,1,0.46835443037974683
2020-08-13DH0,SS,38,42,1,0.475
2020-08-14DH0,SS,39,42,1,0.48148148148148145
2020-08-15DH0,SS,40,42,1,0.4878048780487805
2020-08-16DH0,SS,40,43,1,0.4819277108433735
2020-08-18DH0,SS,40,44,1,0.47619047619047616
2020-08-19DH0,SS,40,45,1,0.47058823529411764
2020-08-20DH0,SS,41,45,1,0.47674418604651164
2020-08-21DH0,SS,41,46,1,0.47126436781609193
2020-08-22DH0,SS,41,47,1,0.4659090909090909
2020-08-23DH0,SS,41,48,1,0.4606741573033708
2020-08-25DH0,SS,42,48,1,0.4666666666666667
2020-08-26DH0,SS,42,49,1,0.46153846153846156
2020-08-27DH0,SS,42,50,1,0.45652173913043476
2020-08-29DH0,SS,43,50,1,0.46236559139784944
2020-08-30DH0,SS,43,51,1,0.4574468085106383
2020-09-01DH0,SS,43,52,1,0.45263157894736844
2020-09-03DH0,SS,44,52,1,0.4583333333333333
2020-09-04DH0,SS,45,52,1,0.4639175257731959
2020-09-06DH0,SS,46,52,1,0.46938775510204084
2020-09-08DH0,SS,46,53,1,0.46464646464646464
2020-09-09DH0,SS,46,54,1,0.46
2020-09-09DH1,SS,46,54,2,0.46
2020-09-10DH0,SS,46,55,2,0.45544554455445546
2020-09-11DH0,SS,46,56,2,0.45098039215686275
2020-09-12DH0,SS,47,56,2,0.4563106796116505
2020-09-13DH0,SS,48,56,2,0.46153846153846156
2020-09-15DH0,SS,49,56,2,0.4666666666666667
2020-09-16DH0,SS,49,57,2,0.46226415094339623
2020-09-17DH0,SS,49,58,2,0.45794392523364486
2020-09-18DH0,SS,49,59,2,0.4537037037037037
2020-09-19DH0,SS,49,60,2,0.44954128440366975
2020-09-20DH0,SS,50,60,2,0.45454545454545453
2020-09-22DH0,SS,50,61,2,0.45045045045045046
2020-09-23DH0,SS,50,62,2,0.44642857142857145
2020-09-24DH0,SS,50,63,2,0.4424778761061947
2020-09-25DH0,SS,51,63,2,0.4473684210526316
2020-05-05DH0,KT,0,1,0,0.0
2020-05-06DH0,KT,0,2,0,0.0
2020-05-07DH0,KT,0,3,0,0.0
2020-05-08DH0,KT,1,3,0,0.25
2020-05-10DH0,KT,1,4,0,0.2
2020-05-12DH0,KT,1,5,0,0.16666666666666666
2020-05-13DH0,KT,1,6,0,0.14285714285714285
2020-05-14DH0,KT,1,7,0,0.125
2020-05-15DH0,KT,2,7,0,0.2222222222222222
2020-05-16DH0,KT,3,7,0,0.3
2020-05-17DH0,KT,4,7,0,0.36363636363636365
2020-05-19DH0,KT,5,7,0,0.4166666666666667
2020-05-20DH0,KT,6,7,0,0.46153846153846156
2020-05-21DH0,KT,6,8,0,0.42857142857142855
2020-05-22DH0,KT,6,9,0,0.4
2020-05-23DH0,KT,7,9,0,0.4375
2020-05-24DH0,KT,7,10,0,0.4117647058823529
2020-05-26DH0,KT,7,11,0,0.3888888888888889
2020-05-27DH0,KT,8,11,0,0.42105263157894735
2020-05-28DH0,KT,9,11,0,0.45
2020-05-29DH0,KT,9,12,0,0.42857142857142855
2020-05-30DH0,KT,9,13,0,0.4090909090909091
2020-05-31DH0,KT,10,13,0,0.43478260869565216
2020-06-02DH0,KT,10,14,0,0.4166666666666667
2020-06-03DH0,KT,11,14,0,0.44
2020-06-04DH0,KT,11,15,0,0.4230769230769231
2020-06-05DH0,KT,11,16,0,0.4074074074074074
2020-06-06DH0,KT,11,17,0,0.39285714285714285
2020-06-07DH0,KT,11,18,0,0.3793103448275862
2020-06-09DH0,KT,11,19,0,0.36666666666666664
2020-06-10DH0,KT,11,20,0,0.3548387096774194
2020-06-11DH0,KT,12,20,0,0.375
2020-06-13DH0,KT,13,20,0,0.3939393939393939
2020-06-13DH1,KT,13,21,0,0.38235294117647056
2020-06-14DH0,KT,13,22,0,0.37142857142857144
2020-06-16DH0,KT,14,22,0,0.3888888888888889
2020-06-17DH0,KT,15,22,0,0.40540540540540543
2020-06-18DH0,KT,16,22,0,0.42105263157894735
2020-06-19DH0,KT,17,22,0,0.4358974358974359
2020-06-20DH0,KT,17,23,0,0.425
2020-06-21DH0,KT,18,23,0,0.43902439024390244
2020-06-23DH0,KT,18,24,0,0.42857142857142855
2020-06-25DH0,KT,19,24,0,0.4418604651162791
2020-06-25DH1,KT,19,25,0,0.4318181818181818
2020-06-26DH0,KT,19,26,0,0.4222222222222222
2020-06-27DH0,KT,20,26,0,0.43478260869565216
2020-06-28DH0,KT,21,26,0,0.44680851063829785
2020-06-30DH0,KT,21,27,0,0.4375
2020-07-01DH0,KT,22,27,0,0.4489795918367347
2020-07-02DH0,KT,23,27,0,0.46
2020-07-03DH0,KT,24,27,0,0.47058823529411764
2020-07-04DH0,KT,24,28,0,0.46153846153846156
2020-07-05DH0,KT,25,28,0,0.4716981132075472
2020-07-07DH0,KT,26,28,0,0.48148148148148145
2020-07-08DH0,KT,27,28,0,0.4909090909090909
2020-07-09DH0,KT,27,29,0,0.48214285714285715
2020-07-10DH0,KT,28,29,0,0.49122807017543857
2020-07-11DH0,KT,29,29,0,0.5
2020-07-14DH0,KT,30,29,0,0.5084745762711864
2020-07-15DH0,KT,30,30,0,0.5
2020-07-16DH0,KT,31,30,0,0.5081967213114754
2020-07-17DH0,KT,31,30,1,0.5081967213114754
2020-07-18DH0,KT,31,31,1,0.5
2020-07-19DH0,KT,31,32,1,0.49206349206349204
2020-07-21DH0,KT,32,32,1,0.5
2020-07-24DH0,KT,32,33,1,0.49230769230769234
2020-07-25DH0,KT,33,33,1,0.5
2020-07-26DH0,KT,34,33,1,0.5074626865671642
2020-07-30DH0,KT,35,33,1,0.5147058823529411
2020-07-31DH0,KT,36,33,1,0.5217391304347826
2020-08-01DH0,KT,37,33,1,0.5285714285714286
2020-08-04DH0,KT,38,33,1,0.5352112676056338
2020-08-05DH0,KT,38,34,1,0.5277777777777778
2020-08-06DH0,KT,38,35,1,0.5205479452054794
2020-08-09DH0,KT,39,35,1,0.527027027027027
2020-08-11DH0,KT,40,35,1,0.5333333333333333
2020-08-12DH0,KT,40,36,1,0.5263157894736842
2020-08-13DH0,KT,40,37,1,0.5194805194805194
2020-08-14DH0,KT,41,37,1,0.5256410256410257
2020-08-15DH0,KT,41,38,1,0.5189873417721519
2020-08-16DH0,KT,42,38,1,0.525
2020-08-18DH0,KT,43,38,1,0.5308641975308642
2020-08-19DH0,KT,44,38,1,0.5365853658536586
2020-08-20DH0,KT,45,38,1,0.5421686746987951
2020-08-21DH0,KT,45,39,1,0.5357142857142857
2020-08-23DH0,KT,46,39,1,0.5411764705882353
2020-08-24DH0,KT,47,39,1,0.5465116279069767
2020-08-25DH0,KT,47,40,1,0.5402298850574713
2020-08-26DH0,KT,48,40,1,0.5454545454545454
2020-08-27DH0,KT,48,41,1,0.5393258426966292
2020-08-28DH0,KT,48,42,1,0.5333333333333333
2020-08-30DH0,KT,48,43,1,0.5274725274725275
2020-08-30DH1,KT,49,43,1,0.532608695652174
2020-09-01DH0,KT,50,43,1,0.5376344086021505
2020-09-03DH0,KT,51,43,1,0.5425531914893617
2020-09-04DH0,KT,52,43,1,0.5473684210526316
2020-09-04DH1,KT,53,43,1,0.5520833333333334
2020-09-05DH0,KT,54,43,1,0.5567010309278351
2020-09-06DH0,KT,55,43,1,0.5612244897959183
2020-09-08DH0,KT,55,44,1,0.5555555555555556
2020-09-09DH0,KT,56,44,1,0.56
2020-09-10DH0,KT,56,45,1,0.5544554455445545
2020-09-11DH0,KT,56,46,1,0.5490196078431373
2020-09-12DH0,KT,57,46,1,0.5533980582524272
2020-09-13DH0,KT,58,46,1,0.5576923076923077
2020-09-15DH0,KT,58,47,1,0.5523809523809524
2020-09-16DH0,KT,59,47,1,0.5566037735849056
2020-09-17DH0,KT,60,47,1,0.5607476635514018
2020-09-18DH0,KT,61,47,1,0.5648148148148148
2020-09-19DH0,KT,62,47,1,0.5688073394495413
2020-09-20DH0,KT,63,47,1,0.5727272727272728
2020-09-22DH0,KT,63,48,1,0.5675675675675675
2020-09-23DH0,KT,64,48,1,0.5714285714285714
2020-09-24DH0,KT,64,49,1,0.5663716814159292
2020-09-25DH0,KT,65,49,1,0.5701754385964912
2020-05-05DH0,HT,0,1,0,0.0
2020-05-06DH0,HT,0,2,0,0.0
2020-05-07DH0,HT,1,2,0,0.3333333333333333
2020-05-08DH0,HT,1,3,0,0.25
2020-05-09DH0,HT,1,4,0,0.2
2020-05-10DH0,HT,2,4,0,0.3333333333333333
2020-05-12DH0,HT,3,4,0,0.42857142857142855
2020-05-13DH0,HT,4,4,0,0.5
2020-05-14DH0,HT,4,5,0,0.4444444444444444
2020-05-15DH0,HT,4,6,0,0.4
2020-05-16DH0,HT,5,6,0,0.45454545454545453
2020-05-17DH0,HT,5,7,0,0.4166666666666667
2020-05-19DH0,HT,6,7,0,0.46153846153846156
2020-05-20DH0,HT,7,7,0,0.5
2020-05-21DH0,HT,8,7,0,0.5333333333333333
2020-05-22DH0,HT,9,7,0,0.5625
2020-05-23DH0,HT,10,7,0,0.5882352941176471
2020-05-24DH0,HT,10,8,0,0.5555555555555556
2020-05-26DH0,HT,11,8,0,0.5789473684210527
2020-05-27DH0,HT,11,9,0,0.55
2020-05-28DH0,HT,11,10,0,0.5238095238095238
2020-05-29DH0,HT,11,11,0,0.5
2020-05-30DH0,HT,12,11,0,0.5217391304347826
2020-05-31DH0,HT,12,12,0,0.5
2020-06-02DH0,HT,13,12,0,0.52
2020-06-03DH0,HT,14,12,0,0.5384615384615384
2020-06-04DH0,HT,15,12,0,0.5555555555555556
2020-06-05DH0,HT,15,13,0,0.5357142857142857
2020-06-06DH0,HT,15,14,0,0.5172413793103449
2020-06-07DH0,HT,15,15,0,0.5
2020-06-09DH0,HT,16,15,0,0.5161290322580645
2020-06-10DH0,HT,17,15,0,0.53125
2020-06-11DH0,HT,17,16,0,0.5151515151515151
2020-06-12DH0,HT,18,16,0,0.5294117647058824
2020-06-13DH0,HT,19,16,0,0.5428571428571428
2020-06-14DH0,HT,19,17,0,0.5277777777777778
2020-06-16DH0,HT,20,17,0,0.5405405405405406
2020-06-17DH0,HT,21,17,0,0.5526315789473685
2020-06-19DH0,HT,22,17,0,0.5641025641025641
2020-06-20DH0,HT,23,17,0,0.575
2020-06-21DH0,HT,23,18,0,0.5609756097560976
2020-06-23DH0,HT,23,19,0,0.5476190476190477
2020-06-26DH0,HT,24,19,0,0.5581395348837209
2020-06-27DH0,HT,24,20,0,0.5454545454545454
2020-06-28DH0,HT,24,21,0,0.5333333333333333
2020-07-01DH0,HT,25,21,0,0.5434782608695652
2020-07-02DH0,HT,26,21,0,0.5531914893617021
2020-07-03DH0,HT,27,21,0,0.5625
2020-07-04DH0,HT,27,22,0,0.5510204081632653
2020-07-05DH0,HT,27,23,0,0.54
2020-07-07DH0,HT,27,24,0,0.5294117647058824
2020-07-08DH0,HT,27,25,0,0.5192307692307693
2020-07-09DH0,HT,28,25,0,0.5283018867924528
2020-07-10DH0,HT,29,25,0,0.5370370370370371
2020-07-11DH0,HT,30,25,0,0.5454545454545454
2020-07-13DH0,HT,31,25,0,0.5535714285714286
2020-07-14DH0,HT,31,26,0,0.543859649122807
2020-07-15DH0,HT,32,26,0,0.5517241379310345
2020-07-16DH0,HT,32,27,0,0.5423728813559322
2020-07-17DH0,HT,33,27,0,0.55
2020-07-18DH0,HT,33,28,0,0.5409836065573771
2020-07-19DH0,HT,33,29,0,0.532258064516129
2020-07-21DH0,HT,34,29,0,0.5396825396825397
2020-07-22DH0,HT,35,29,0,0.546875
2020-07-25DH0,HT,36,29,0,0.5538461538461539
2020-07-26DH0,HT,37,29,0,0.5606060606060606
2020-07-30DH0,HT,37,30,0,0.5522388059701493
2020-07-31DH0,HT,38,30,0,0.5588235294117647
2020-08-01DH0,HT,38,31,0,0.5507246376811594
2020-08-02DH0,HT,38,32,0,0.5428571428571428
2020-08-04DH0,HT,38,33,0,0.5352112676056338
2020-08-05DH0,HT,38,34,0,0.5277777777777778
2020-08-06DH0,HT,39,34,0,0.5342465753424658
2020-08-08DH0,HT,40,34,0,0.5405405405405406
2020-08-09DH0,HT,40,35,0,0.5333333333333333
2020-08-11DH0,HT,41,35,0,0.5394736842105263
2020-08-12DH0,HT,41,36,0,0.5324675324675324
2020-08-13DH0,HT,41,37,0,0.5256410256410257
2020-08-14DH0,HT,42,37,0,0.5316455696202531
2020-08-15DH0,HT,43,37,0,0.5375
2020-08-16DH0,HT,44,37,0,0.5432098765432098
2020-08-18DH0,HT,44,38,0,0.5365853658536586
2020-08-19DH0,HT,44,39,0,0.5301204819277109
2020-08-20DH0,HT,44,40,0,0.5238095238095238
2020-08-21DH0,HT,44,41,0,0.5176470588235295
2020-08-22DH0,HT,44,42,0,0.5116279069767442
2020-08-23DH0,HT,45,42,0,0.5172413793103449
2020-08-25DH0,HT,45,43,0,0.5113636363636364
2020-08-26DH0,HT,46,43,0,0.5168539325842697
2020-08-27DH0,HT,46,44,0,0.5111111111111111
2020-08-28DH0,HT,47,44,0,0.5164835164835165
2020-08-30DH0,HT,48,44,0,0.5217391304347826
2020-08-30DH1,HT,48,45,0,0.5161290322580645
2020-09-01DH0,HT,49,45,0,0.5212765957446809
2020-09-03DH0,HT,50,45,0,0.5263157894736842
2020-09-04DH0,HT,50,46,0,0.5208333333333334
2020-09-04DH1,HT,51,46,0,0.5257731958762887
2020-09-05DH0,HT,52,46,0,0.5306122448979592
2020-09-06DH0,HT,53,46,0,0.5353535353535354
2020-09-08DH0,HT,54,46,0,0.54
2020-09-10DH0,HT,54,47,0,0.5346534653465347
2020-09-12DH0,HT,55,47,0,0.5392156862745098
2020-09-13DH0,HT,56,47,0,0.5436893203883495
2020-09-15DH0,HT,56,48,0,0.5384615384615384
2020-09-16DH0,HT,56,49,0,0.5333333333333333
2020-09-17DH0,HT,57,49,0,0.5377358490566038
2020-09-18DH0,HT,58,49,0,0.5420560747663551
2020-09-19DH0,HT,59,49,0,0.5462962962962963
2020-09-20DH0,HT,59,50,0,0.5412844036697247
2020-09-22DH0,HT,59,51,0,0.5363636363636364
2020-09-23DH0,HT,59,52,0,0.5315315315315315
2020-09-24DH0,HT,60,52,0,0.5357142857142857
2020-09-25DH0,HT,60,53,0,0.5309734513274337
2020-05-05DH0,SK,0,1,0,0.0
2020-05-06DH0,SK,1,1,0,0.5
2020-05-07DH0,SK,1,2,0,0.3333333333333333
2020-05-08DH0,SK,1,3,0,0.25
2020-05-10DH0,SK,1,4,0,0.2
2020-05-12DH0,SK,1,5,0,0.16666666666666666
2020-05-13DH0,SK,1,6,0,0.14285714285714285
2020-05-14DH0,SK,1,7,0,0.125
2020-05-15DH0,SK,1,8,0,0.1111111111111111
2020-05-16DH0,SK,1,9,0,0.1
2020-05-17DH0,SK,1,10,0,0.09090909090909091
2020-05-19DH0,SK,1,11,0,0.08333333333333333
2020-05-20DH0,SK,2,11,0,0.15384615384615385
2020-05-21DH0,SK,2,12,0,0.14285714285714285
2020-05-22DH0,SK,2,13,0,0.13333333333333333
2020-05-23DH0,SK,2,14,0,0.125
2020-05-24DH0,SK,3,14,0,0.17647058823529413
2020-05-26DH0,SK,3,15,0,0.16666666666666666
2020-05-27DH0,SK,3,16,0,0.15789473684210525
2020-05-28DH0,SK,4,16,0,0.2
2020-05-29DH0,SK,5,16,0,0.23809523809523808
2020-05-30DH0,SK,6,16,0,0.2727272727272727
2020-05-31DH0,SK,7,16,0,0.30434782608695654
2020-06-02DH0,SK,8,16,0,0.3333333333333333
2020-06-03DH0,SK,8,17,0,0.32
2020-06-04DH0,SK,8,18,0,0.3076923076923077
2020-06-05DH0,SK,9,18,0,0.3333333333333333
2020-06-06DH0,SK,10,18,0,0.35714285714285715
2020-06-07DH0,SK,10,19,0,0.3448275862068966
2020-06-09DH0,SK,11,19,0,0.36666666666666664
2020-06-11DH0,SK,11,20,0,0.3548387096774194
2020-06-11DH1,SK,11,21,0,0.34375
2020-06-12DH0,SK,11,22,0,0.3333333333333333
2020-06-13DH0,SK,11,23,0,0.3235294117647059
2020-06-14DH0,SK,12,23,0,0.34285714285714286
2020-06-16DH0,SK,12,24,0,0.3333333333333333
2020-06-17DH0,SK,12,25,0,0.32432432432432434
2020-06-18DH0,SK,12,26,0,0.3157894736842105
2020-06-19DH0,SK,12,27,0,0.3076923076923077
2020-06-20DH0,SK,12,28,0,0.3
2020-06-21DH0,SK,12,29,0,0.2926829268292683
2020-06-23DH0,SK,12,30,0,0.2857142857142857
2020-06-25DH0,SK,13,30,0,0.3023255813953488
2020-06-25DH1,SK,13,31,0,0.29545454545454547
2020-06-26DH0,SK,14,31,0,0.3111111111111111
2020-06-27DH0,SK,14,32,0,0.30434782608695654
2020-06-28DH0,SK,14,33,0,0.2978723404255319
2020-06-30DH0,SK,14,34,0,0.2916666666666667
2020-07-01DH0,SK,14,35,0,0.2857142857142857
2020-07-02DH0,SK,14,36,0,0.28
2020-07-03DH0,SK,15,36,0,0.29411764705882354
2020-07-04DH0,SK,15,37,0,0.28846153846153844
2020-07-05DH0,SK,16,37,0,0.3018867924528302
2020-07-07DH0,SK,16,38,0,0.2962962962962963
2020-07-08DH0,SK,17,38,0,0.3090909090909091
2020-07-09DH0,SK,17,39,0,0.30357142857142855
2020-07-10DH0,SK,17,40,0,0.2982456140350877
2020-07-11DH0,SK,18,40,0,0.3103448275862069
2020-07-13DH0,SK,18,41,0,0.3050847457627119
2020-07-14DH0,SK,19,41,0,0.31666666666666665
2020-07-15DH0,SK,19,42,0,0.3114754098360656
2020-07-16DH0,SK,19,43,0,0.3064516129032258
2020-07-17DH0,SK,20,43,0,0.31746031746031744
2020-07-18DH0,SK,20,44,0,0.3125
2020-07-19DH0,SK,21,44,0,0.3230769230769231
2020-07-21DH0,SK,22,44,0,0.3333333333333333
2020-07-24DH0,SK,23,44,0,0.34328358208955223
2020-07-26DH0,SK,24,44,0,0.35294117647058826
2020-07-27DH0,SK,24,44,1,0.35294117647058826
2020-07-28DH0,SK,24,45,1,0.34782608695652173
2020-07-29DH0,SK,24,46,1,0.34285714285714286
2020-07-30DH0,SK,24,47,1,0.3380281690140845
2020-07-31DH0,SK,24,48,1,0.3333333333333333
2020-08-01DH0,SK,24,49,1,0.3287671232876712
2020-08-04DH0,SK,24,50,1,0.32432432432432434
2020-08-06DH0,SK,24,51,1,0.32
2020-08-07DH0,SK,24,52,1,0.3157894736842105
2020-08-08DH0,SK,25,52,1,0.3246753246753247
2020-08-11DH0,SK,25,53,1,0.32051282051282054
2020-08-12DH0,SK,26,53,1,0.3291139240506329
2020-08-13DH0,SK,27,53,1,0.3375
2020-08-14DH0,SK,27,54,1,0.3333333333333333
2020-08-15DH0,SK,27,55,1,0.32926829268292684
2020-08-16DH0,SK,27,56,1,0.3253012048192771
2020-08-18DH0,SK,28,56,1,0.3333333333333333
2020-08-19DH0,SK,29,56,1,0.3411764705882353
2020-08-20DH0,SK,29,57,1,0.3372093023255814
2020-08-21DH0,SK,30,57,1,0.3448275862068966
2020-08-22DH0,SK,30,58,1,0.3409090909090909
2020-08-23DH0,SK,30,59,1,0.33707865168539325
2020-08-25DH0,SK,31,59,1,0.34444444444444444
2020-08-26DH0,SK,31,60,1,0.34065934065934067
2020-08-27DH0,SK,32,60,1,0.34782608695652173
2020-08-28DH0,SK,32,61,1,0.34408602150537637
2020-08-29DH0,SK,32,62,1,0.3404255319148936
2020-08-30DH0,SK,32,63,1,0.3368421052631579
2020-09-01DH0,SK,32,64,1,0.3333333333333333
2020-09-03DH0,SK,32,65,1,0.32989690721649484
2020-09-04DH0,SK,32,66,1,0.32653061224489793
2020-09-04DH1,SK,32,67,1,0.32323232323232326
2020-09-05DH0,SK,32,68,1,0.32
2020-09-06DH0,SK,32,69,1,0.31683168316831684
2020-09-08DH0,SK,32,70,1,0.3137254901960784
2020-09-09DH0,SK,32,71,1,0.3106796116504854
2020-09-10DH0,SK,33,71,1,0.3173076923076923
2020-09-11DH0,SK,34,71,1,0.3238095238095238
2020-09-12DH0,SK,35,71,1,0.330188679245283
2020-09-13DH0,SK,36,71,1,0.3364485981308411
2020-09-15DH0,SK,37,71,1,0.3425925925925926
2020-09-16DH0,SK,38,71,1,0.3486238532110092
2020-09-17DH0,SK,38,72,1,0.34545454545454546
2020-09-18DH0,SK,38,73,1,0.34234234234234234
2020-09-19DH0,SK,38,74,1,0.3392857142857143
2020-09-20DH0,SK,38,75,1,0.336283185840708
2020-09-22DH0,SK,38,76,1,0.3333333333333333
2020-09-23DH0,SK,38,77,1,0.33043478260869563
2020-09-24DH0,SK,38,78,1,0.3275862068965517
2020-09-25DH0,SK,39,78,1,0.3333333333333333
2020-05-05DH0,LG,1,0,0,1.0
2020-05-06DH0,LG,1,1,0,0.5
2020-05-07DH0,LG,1,2,0,0.3333333333333333
2020-05-08DH0,LG,1,3,0,0.25
2020-05-10DH0,LG,2,3,0,0.4
2020-05-12DH0,LG,3,3,0,0.5
2020-05-13DH0,LG,4,3,0,0.5714285714285714
2020-05-14DH0,LG,5,3,0,0.625
2020-05-16DH0,LG,6,3,0,0.6666666666666666
2020-05-16DH1,LG,7,3,0,0.7
2020-05-17DH0,LG,7,4,0,0.6363636363636364
2020-05-19DH0,LG,8,4,0,0.6666666666666666
2020-05-20DH0,LG,8,5,0,0.6153846153846154
2020-05-21DH0,LG,9,5,0,0.6428571428571429
2020-05-22DH0,LG,10,5,0,0.6666666666666666
2020-05-23DH0,LG,10,6,0,0.625
2020-05-24DH0,LG,11,6,0,0.6470588235294118
2020-05-26DH0,LG,12,6,0,0.6666666666666666
2020-05-27DH0,LG,13,6,0,0.6842105263157895
2020-05-28DH0,LG,14,6,0,0.7
2020-05-29DH0,LG,15,6,0,0.7142857142857143
2020-05-30DH0,LG,15,7,0,0.6818181818181818
2020-05-31DH0,LG,16,7,0,0.6956521739130435
2020-06-02DH0,LG,16,8,0,0.6666666666666666
2020-06-03DH0,LG,16,9,0,0.64
2020-06-04DH0,LG,17,9,0,0.6538461538461539
2020-06-05DH0,LG,17,10,0,0.6296296296296297
2020-06-06DH0,LG,17,11,0,0.6071428571428571
2020-06-07DH0,LG,18,11,0,0.6206896551724138
2020-06-09DH0,LG,18,12,0,0.6
2020-06-11DH0,LG,19,12,0,0.6129032258064516
2020-06-11DH1,LG,20,12,0,0.625
2020-06-12DH0,LG,21,12,0,0.6363636363636364
2020-06-13DH0,LG,21,13,0,0.6176470588235294
2020-06-14DH0,LG,22,13,0,0.6285714285714286
2020-06-16DH0,LG,23,13,0,0.6388888888888888
2020-06-17DH0,LG,24,13,0,0.6486486486486487
2020-06-18DH0,LG,25,13,0,0.6578947368421053
2020-06-19DH0,LG,25,14,0,0.6410256410256411
2020-06-20DH0,LG,25,15,0,0.625
2020-06-21DH0,LG,25,16,0,0.6097560975609756
2020-06-23DH0,LG,25,17,0,0.5952380952380952
2020-06-25DH0,LG,25,18,0,0.5813953488372093
2020-06-25DH1,LG,25,19,0,0.5681818181818182
2020-06-26DH0,LG,25,20,0,0.5555555555555556
2020-06-27DH0,LG,26,20,0,0.5652173913043478
2020-06-28DH0,LG,27,20,0,0.574468085106383
2020-06-30DH0,LG,28,20,0,0.5833333333333334
2020-07-01DH0,LG,28,21,0,0.5714285714285714
2020-07-02DH0,LG,28,22,0,0.56
2020-07-03DH0,LG,28,23,0,0.5490196078431373
2020-07-04DH0,LG,28,24,0,0.5384615384615384
2020-07-05DH0,LG,29,24,0,0.5471698113207547
2020-07-07DH0,LG,29,25,0,0.5370370370370371
2020-07-08DH0,LG,30,25,0,0.5454545454545454
2020-07-09DH0,LG,30,26,0,0.5357142857142857
2020-07-10DH0,LG,30,27,0,0.5263157894736842
2020-07-11DH0,LG,30,27,1,0.5263157894736842
2020-07-14DH0,LG,30,28,1,0.5172413793103449
2020-07-15DH0,LG,31,28,1,0.5254237288135594
2020-07-16DH0,LG,31,29,1,0.5166666666666667
2020-07-17DH0,LG,32,29,1,0.5245901639344263
2020-07-18DH0,LG,33,29,1,0.532258064516129
2020-07-19DH0,LG,34,29,1,0.5396825396825397
2020-07-21DH0,LG,34,30,1,0.53125
2020-07-24DH0,LG,35,30,1,0.5384615384615384
2020-07-25DH0,LG,35,31,1,0.5303030303030303
2020-07-26DH0,LG,36,31,1,0.5373134328358209
2020-07-28DH0,LG,37,31,1,0.5441176470588235
2020-07-29DH0,LG,38,31,1,0.5507246376811594
2020-07-30DH0,LG,39,31,1,0.5571428571428572
2020-07-31DH0,LG,39,32,1,0.5492957746478874
2020-08-01DH0,LG,40,32,1,0.5555555555555556
2020-08-04DH0,LG,41,32,1,0.5616438356164384
2020-08-05DH0,LG,42,32,1,0.5675675675675675
2020-08-06DH0,LG,42,33,1,0.56
2020-08-07DH0,LG,43,33,1,0.5657894736842105
2020-08-08DH0,LG,43,34,1,0.5584415584415584
2020-08-09DH0,LG,43,35,1,0.5512820512820513
2020-08-11DH0,LG,43,36,1,0.5443037974683544
2020-08-12DH0,LG,44,36,1,0.55
2020-08-13DH0,LG,45,36,1,0.5555555555555556
2020-08-14DH0,LG,46,36,1,0.5609756097560976
2020-08-15DH0,LG,47,36,1,0.5662650602409639
2020-08-16DH0,LG,48,36,1,0.5714285714285714
2020-08-18DH0,LG,49,36,1,0.5764705882352941
2020-08-19DH0,LG,50,36,1,0.5813953488372093
2020-08-20DH0,LG,50,37,1,0.5747126436781609
2020-08-21DH0,LG,51,37,1,0.5795454545454546
2020-08-23DH0,LG,51,38,1,0.5730337078651685
2020-08-24DH0,LG,51,39,1,0.5666666666666667
2020-08-25DH0,LG,51,40,1,0.5604395604395604
2020-08-26DH0,LG,52,40,1,0.5652173913043478
2020-08-27DH0,LG,53,40,1,0.5698924731182796
2020-08-28DH0,LG,54,40,1,0.574468085106383
2020-08-29DH0,LG,54,40,2,0.574468085106383
2020-08-30DH0,LG,55,40,2,0.5789473684210527
2020-09-01DH0,LG,56,40,2,0.5833333333333334
2020-09-03DH0,LG,57,40,2,0.5876288659793815
2020-09-04DH0,LG,57,40,3,0.5876288659793815
2020-09-06DH0,LG,58,40,3,0.5918367346938775
2020-09-07DH0,LG,58,41,3,0.5858585858585859
2020-09-08DH0,LG,58,42,3,0.58
2020-09-10DH0,LG,59,42,3,0.5841584158415841
2020-09-11DH0,LG,59,43,3,0.5784313725490197
2020-09-12DH0,LG,59,44,3,0.5728155339805825
2020-09-13DH0,LG,59,45,3,0.5673076923076923
2020-09-15DH0,LG,59,46,3,0.5619047619047619
2020-09-16DH0,LG,60,46,3,0.5660377358490566
2020-09-17DH0,LG,61,46,3,0.5700934579439252
2020-09-18DH0,LG,61,47,3,0.5648148148148148
2020-09-19DH0,LG,62,47,3,0.5688073394495413
2020-09-20DH0,LG,62,48,3,0.5636363636363636
2020-09-22DH0,LG,63,48,3,0.5675675675675675
2020-09-23DH0,LG,64,48,3,0.5714285714285714
2020-09-24DH0,LG,64,49,3,0.5663716814159292
2020-09-25DH0,LG,64,50,3,0.5614035087719298
2020-05-05DH0,HH,1,0,0,1.0
2020-05-06DH0,HH,1,1,0,0.5
2020-05-07DH0,HH,2,1,0,0.6666666666666666
2020-05-08DH0,HH,2,2,0,0.5
2020-05-09DH0,HH,2,3,0,0.4
2020-05-10DH0,HH,2,4,0,0.3333333333333333
2020-05-12DH0,HH,2,5,0,0.2857142857142857
2020-05-13DH0,HH,2,6,0,0.25
2020-05-14DH0,HH,3,6,0,0.3333333333333333
2020-05-15DH0,HH,4,6,0,0.4
2020-05-16DH0,HH,4,7,0,0.36363636363636365
2020-05-17DH0,HH,5,7,0,0.4166666666666667
2020-05-19DH0,HH,5,8,0,0.38461538461538464
2020-05-20DH0,HH,5,9,0,0.35714285714285715
2020-05-21DH0,HH,6,9,0,0.4
2020-05-22DH0,HH,7,9,0,0.4375
2020-05-23DH0,HH,7,10,0,0.4117647058823529
2020-05-24DH0,HH,7,11,0,0.3888888888888889
2020-05-26DH0,HH,7,12,0,0.3684210526315789
2020-05-27DH0,HH,7,13,0,0.35
2020-05-28DH0,HH,7,14,0,0.3333333333333333
2020-05-29DH0,HH,7,15,0,0.3181818181818182
2020-05-30DH0,HH,7,16,0,0.30434782608695654
2020-05-31DH0,HH,7,17,0,0.2916666666666667
2020-06-02DH0,HH,7,18,0,0.28
2020-06-03DH0,HH,7,19,0,0.2692307692307692
2020-06-04DH0,HH,7,20,0,0.25925925925925924
2020-06-05DH0,HH,7,21,0,0.25
2020-06-06DH0,HH,7,22,0,0.2413793103448276
2020-06-07DH0,HH,7,23,0,0.23333333333333334
2020-06-09DH0,HH,7,24,0,0.22580645161290322
2020-06-10DH0,HH,7,25,0,0.21875
2020-06-11DH0,HH,7,26,0,0.21212121212121213
2020-06-12DH0,HH,7,27,0,0.20588235294117646
2020-06-13DH0,HH,8,27,0,0.22857142857142856
2020-06-14DH0,HH,9,27,0,0.25
2020-06-16DH0,HH,9,28,0,0.24324324324324326
2020-06-17DH0,HH,9,29,0,0.23684210526315788
2020-06-18DH0,HH,9,30,0,0.23076923076923078
2020-06-19DH0,HH,9,31,0,0.225
2020-06-20DH0,HH,10,31,0,0.24390243902439024
2020-06-21DH0,HH,10,32,0,0.23809523809523808
2020-06-23DH0,HH,10,33,0,0.23255813953488372
2020-06-24DH0,HH,10,34,0,0.22727272727272727
2020-06-25DH0,HH,11,34,0,0.24444444444444444
2020-06-26DH0,HH,12,34,0,0.2608695652173913
2020-06-27DH0,HH,12,35,0,0.2553191489361702
2020-06-28DH0,HH,12,36,0,0.25
2020-07-01DH0,HH,12,37,0,0.24489795918367346
2020-07-02DH0,HH,12,38,0,0.24
2020-07-03DH0,HH,12,39,0,0.23529411764705882
2020-07-04DH0,HH,13,39,0,0.25
2020-07-05DH0,HH,13,40,0,0.24528301886792453
2020-07-07DH0,HH,14,40,0,0.25925925925925924
2020-07-08DH0,HH,14,41,0,0.2545454545454545
2020-07-09DH0,HH,14,42,0,0.25
2020-07-10DH0,HH,15,42,0,0.2631578947368421
2020-07-11DH0,HH,15,43,0,0.25862068965517243
2020-07-13DH0,HH,16,43,0,0.2711864406779661
2020-07-14DH0,HH,16,44,0,0.26666666666666666
2020-07-15DH0,HH,17,44,0,0.2786885245901639
2020-07-16DH0,HH,17,45,0,0.27419354838709675
2020-07-17DH0,HH,17,46,0,0.2698412698412698
2020-07-18DH0,HH,17,47,0,0.265625
2020-07-19DH0,HH,17,48,0,0.26153846153846155
2020-07-21DH0,HH,17,49,0,0.25757575757575757
2020-07-22DH0,HH,17,50,0,0.2537313432835821
2020-07-24DH0,HH,17,51,0,0.25
2020-07-26DH0,HH,17,52,0,0.2463768115942029
2020-07-27DH0,HH,17,52,1,0.2463768115942029
2020-07-29DH0,HH,18,52,1,0.2571428571428571
2020-07-30DH0,HH,18,53,1,0.2535211267605634
2020-07-31DH0,HH,19,53,1,0.2638888888888889
2020-08-01DH0,HH,19,54,1,0.2602739726027397
2020-08-05DH0,HH,20,54,1,0.2702702702702703
2020-08-06DH0,HH,20,55,1,0.26666666666666666
2020-08-09DH0,HH,20,56,1,0.2631578947368421
2020-08-11DH0,HH,21,56,1,0.2727272727272727
2020-08-12DH0,HH,21,57,1,0.2692307692307692
2020-08-13DH0,HH,21,58,1,0.26582278481012656
2020-08-14DH0,HH,21,59,1,0.2625
2020-08-15DH0,HH,21,60,1,0.25925925925925924
2020-08-16DH0,HH,22,60,1,0.2682926829268293
2020-08-18DH0,HH,22,61,1,0.26506024096385544
2020-08-19DH0,HH,22,62,1,0.2619047619047619
2020-08-20DH0,HH,22,63,1,0.25882352941176473
2020-08-21DH0,HH,23,63,1,0.26744186046511625
2020-08-23DH0,HH,24,63,1,0.27586206896551724
2020-08-24DH0,HH,25,63,1,0.2840909090909091
2020-08-25DH0,HH,25,64,1,0.2808988764044944
2020-08-26DH0,HH,25,65,1,0.2777777777777778
2020-08-27DH0,HH,26,65,1,0.2857142857142857
2020-08-29DH0,HH,26,66,1,0.2826086956521739
2020-08-30DH0,HH,26,67,1,0.27956989247311825
2020-09-01DH0,HH,26,68,1,0.2765957446808511
2020-09-03DH0,HH,26,69,1,0.2736842105263158
2020-09-04DH0,HH,27,69,1,0.28125
2020-09-05DH0,HH,27,70,1,0.27835051546391754
2020-09-06DH0,HH,27,71,1,0.2755102040816326
2020-09-08DH0,HH,28,71,1,0.2828282828282828
2020-09-09DH0,HH,28,71,2,0.2828282828282828
2020-09-09DH1,HH,29,71,2,0.29
2020-09-10DH0,HH,29,72,2,0.2871287128712871
2020-09-11DH0,HH,29,73,2,0.28431372549019607
2020-09-12DH0,HH,29,74,2,0.2815533980582524
2020-09-13DH0,HH,29,75,2,0.27884615384615385
2020-09-15DH0,HH,30,75,2,0.2857142857142857
2020-09-16DH0,HH,30,76,2,0.2830188679245283
2020-09-17DH0,HH,30,77,2,0.2803738317757009
2020-09-18DH0,HH,31,77,2,0.28703703703703703
2020-09-19DH0,HH,31,78,2,0.28440366972477066
2020-09-20DH0,HH,32,78,2,0.2909090909090909
2020-09-22DH0,HH,33,78,2,0.2972972972972973
2020-09-23DH0,HH,34,78,2,0.30357142857142855
2020-09-24DH0,HH,35,78,2,0.30973451327433627
2020-09-25DH0,HH,36,78,2,0.3157894736842105
2020-05-05DH0,NC,1,0,0,1.0
2020-05-06DH0,NC,2,0,0,1.0
2020-05-07DH0,NC,3,0,0,1.0
2020-05-08DH0,NC,4,0,0,1.0
2020-05-10DH0,NC,4,1,0,0.8
2020-05-12DH0,NC,5,1,0,0.8333333333333334
2020-05-13DH0,NC,6,1,0,0.8571428571428571
2020-05-14DH0,NC,7,1,0,0.875
2020-05-15DH0,NC,8,1,0,0.8888888888888888
2020-05-16DH0,NC,9,1,0,0.9
2020-05-17DH0,NC,10,1,0,0.9090909090909091
2020-05-19DH0,NC,11,1,0,0.9166666666666666
2020-05-20DH0,NC,11,2,0,0.8461538461538461
2020-05-21DH0,NC,12,2,0,0.8571428571428571
2020-05-22DH0,NC,12,3,0,0.8
2020-05-23DH0,NC,13,3,0,0.8125
2020-05-24DH0,NC,14,3,0,0.8235294117647058
2020-05-26DH0,NC,15,3,0,0.8333333333333334
2020-05-27DH0,NC,16,3,0,0.8421052631578947
2020-05-28DH0,NC,17,3,0,0.85
2020-05-29DH0,NC,17,4,0,0.8095238095238095
2020-05-30DH0,NC,17,5,0,0.7727272727272727
2020-05-31DH0,NC,18,5,0,0.782608695652174
2020-06-02DH0,NC,18,6,0,0.75
2020-06-03DH0,NC,19,6,0,0.76
2020-06-04DH0,NC,20,6,0,0.7692307692307693
2020-06-05DH0,NC,21,6,0,0.7777777777777778
2020-06-06DH0,NC,22,6,0,0.7857142857142857
2020-06-07DH0,NC,23,6,0,0.7931034482758621
2020-06-09DH0,NC,24,6,0,0.8
2020-06-10DH0,NC,24,7,0,0.7741935483870968
2020-06-11DH0,NC,25,7,0,0.78125
2020-06-12DH0,NC,25,8,0,0.7575757575757576
2020-06-13DH0,NC,25,9,0,0.7352941176470589
2020-06-14DH0,NC,26,9,0,0.7428571428571429
2020-06-16DH0,NC,26,10,0,0.7222222222222222
2020-06-17DH0,NC,26,11,0,0.7027027027027027
2020-06-19DH0,NC,27,11,0,0.7105263157894737
2020-06-20DH0,NC,27,12,0,0.6923076923076923
2020-06-21DH0,NC,28,12,0,0.7
2020-06-23DH0,NC,29,12,0,0.7073170731707317
2020-06-25DH0,NC,29,13,0,0.6904761904761905
2020-06-25DH1,NC,30,13,0,0.6976744186046512
2020-06-26DH0,NC,31,13,0,0.7045454545454546
2020-06-27DH0,NC,31,14,0,0.6888888888888889
2020-06-28DH0,NC,32,14,0,0.6956521739130435
2020-06-30DH0,NC,32,15,0,0.6808510638297872
2020-07-01DH0,NC,33,15,0,0.6875
2020-07-02DH0,NC,34,15,0,0.6938775510204082
2020-07-03DH0,NC,34,16,0,0.68
2020-07-04DH0,NC,35,16,0,0.6862745098039216
2020-07-05DH0,NC,36,16,0,0.6923076923076923
2020-07-07DH0,NC,37,16,0,0.6981132075471698
2020-07-08DH0,NC,37,17,0,0.6851851851851852
2020-07-09DH0,NC,38,17,0,0.6909090909090909
2020-07-10DH0,NC,39,17,0,0.6964285714285714
2020-07-11DH0,NC,39,17,1,0.6964285714285714
2020-07-14DH0,NC,39,18,1,0.6842105263157895
2020-07-15DH0,NC,39,19,1,0.6724137931034483
2020-07-16DH0,NC,40,19,1,0.6779661016949152
2020-07-17DH0,NC,40,19,2,0.6779661016949152
2020-07-18DH0,NC,41,19,2,0.6833333333333333
2020-07-19DH0,NC,42,19,2,0.6885245901639344
2020-07-21DH0,NC,43,19,2,0.6935483870967742
2020-07-24DH0,NC,44,19,2,0.6984126984126984
2020-07-25DH0,NC,44,20,2,0.6875
2020-07-26DH0,NC,44,21,2,0.676923076923077
2020-07-28DH0,NC,44,22,2,0.6666666666666666
2020-07-31DH0,NC,45,22,2,0.6716417910447762
2020-08-01DH0,NC,45,23,2,0.6617647058823529
2020-08-02DH0,NC,45,24,2,0.6521739130434783
2020-08-05DH0,NC,45,25,2,0.6428571428571429
2020-08-06DH0,NC,46,25,2,0.647887323943662
2020-08-08DH0,NC,46,26,2,0.6388888888888888
2020-08-09DH0,NC,47,26,2,0.6438356164383562
2020-08-12DH0,NC,47,27,2,0.6351351351351351
2020-08-13DH0,NC,48,27,2,0.64
2020-08-14DH0,NC,48,28,2,0.631578947368421
2020-08-15DH0,NC,48,29,2,0.6233766233766234
2020-08-16DH0,NC,48,30,2,0.6153846153846154
2020-08-18DH0,NC,49,30,2,0.620253164556962
2020-08-19DH0,NC,49,31,2,0.6125
2020-08-20DH0,NC,50,31,2,0.6172839506172839
2020-08-21DH0,NC,51,31,2,0.6219512195121951
2020-08-23DH0,NC,51,32,2,0.6144578313253012
2020-08-24DH0,NC,51,33,2,0.6071428571428571
2020-08-25DH0,NC,52,33,2,0.611764705882353
2020-08-26DH0,NC,53,33,2,0.6162790697674418
2020-08-27DH0,NC,54,33,2,0.6206896551724138
2020-08-28DH0,NC,54,34,2,0.6136363636363636
2020-08-29DH0,NC,55,34,2,0.6179775280898876
2020-08-30DH0,NC,56,34,2,0.6222222222222222
2020-09-01DH0,NC,57,34,2,0.6263736263736264
2020-09-02DH0,NC,57,35,2,0.6195652173913043
2020-09-03DH0,NC,57,36,2,0.6129032258064516
2020-09-04DH0,NC,57,36,3,0.6129032258064516
2020-09-06DH0,NC,57,37,3,0.6063829787234043
2020-09-08DH0,NC,58,37,3,0.6105263157894737
2020-09-09DH0,NC,58,38,3,0.6041666666666666
2020-09-10DH0,NC,59,38,3,0.6082474226804123
2020-09-11DH0,NC,60,38,3,0.6122448979591837
2020-09-12DH0,NC,60,39,3,0.6060606060606061
2020-09-13DH0,NC,60,40,3,0.6
2020-09-15DH0,NC,60,41,3,0.594059405940594
2020-09-16DH0,NC,61,41,3,0.5980392156862745
2020-09-17DH0,NC,62,41,3,0.6019417475728155
2020-09-18DH0,NC,63,41,3,0.6057692307692307
2020-09-19DH0,NC,63,42,3,0.6
2020-09-20DH0,NC,64,42,3,0.6037735849056604
2020-09-20DH1,NC,65,42,3,0.6074766355140186
2020-09-22DH0,NC,66,42,3,0.6111111111111112
2020-09-23DH0,NC,67,42,3,0.6146788990825688
2020-09-24DH0,NC,68,42,3,0.6181818181818182
2020-09-25DH0,NC,69,42,3,0.6216216216216216
2020-05-05DH0,LT,1,0,0,1.0
2020-05-06DH0,LT,2,0,0,1.0
2020-05-07DH0,LT,3,0,0,1.0
2020-05-08DH0,LT,4,0,0,1.0
2020-05-10DH0,LT,5,0,0,1.0
2020-05-12DH0,LT,5,1,0,0.8333333333333334
2020-05-13DH0,LT,6,1,0,0.8571428571428571
2020-05-14DH0,LT,6,2,0,0.75
2020-05-15DH0,LT,6,3,0,0.6666666666666666
2020-05-16DH0,LT,7,3,0,0.7
2020-05-17DH0,LT,7,4,0,0.6363636363636364
2020-05-19DH0,LT,7,5,0,0.5833333333333334
2020-05-20DH0,LT,7,6,0,0.5384615384615384
2020-05-21DH0,LT,7,7,0,0.5
2020-05-22DH0,LT,8,7,0,0.5333333333333333
2020-05-23DH0,LT,8,8,0,0.5
2020-05-24DH0,LT,9,8,0,0.5294117647058824
2020-05-26DH0,LT,10,8,0,0.5555555555555556
2020-05-27DH0,LT,10,9,0,0.5263157894736842
2020-05-28DH0,LT,10,10,0,0.5
2020-05-29DH0,LT,10,11,0,0.47619047619047616
2020-05-30DH0,LT,10,12,0,0.45454545454545453
2020-05-31DH0,LT,11,12,0,0.4782608695652174
2020-06-02DH0,LT,11,13,0,0.4583333333333333
2020-06-03DH0,LT,11,14,0,0.44
2020-06-04DH0,LT,11,15,0,0.4230769230769231
2020-06-05DH0,LT,12,15,0,0.4444444444444444
2020-06-06DH0,LT,13,15,0,0.4642857142857143
2020-06-07DH0,LT,14,15,0,0.4827586206896552
2020-06-09DH0,LT,15,15,0,0.5
2020-06-10DH0,LT,16,15,0,0.5161290322580645
2020-06-11DH0,LT,17,15,0,0.53125
2020-06-12DH0,LT,17,16,0,0.5151515151515151
2020-06-13DH0,LT,18,16,0,0.5294117647058824
2020-06-14DH0,LT,18,17,0,0.5142857142857142
2020-06-16DH0,LT,19,17,0,0.5277777777777778
2020-06-17DH0,LT,19,18,0,0.5135135135135135
2020-06-18DH0,LT,19,19,0,0.5
2020-06-19DH0,LT,19,20,0,0.48717948717948717
2020-06-20DH0,LT,20,20,0,0.5
2020-06-21DH0,LT,20,21,0,0.4878048780487805
2020-06-23DH0,LT,21,21,0,0.5
2020-06-26DH0,LT,21,22,0,0.4883720930232558
2020-06-27DH0,LT,21,23,0,0.4772727272727273
2020-06-28DH0,LT,22,23,0,0.4888888888888889
2020-06-30DH0,LT,23,23,0,0.5
2020-07-01DH0,LT,23,24,0,0.48936170212765956
2020-07-02DH0,LT,23,25,0,0.4791666666666667
2020-07-03DH0,LT,23,26,0,0.46938775510204084
2020-07-04DH0,LT,24,26,0,0.48
2020-07-05DH0,LT,24,27,0,0.47058823529411764
2020-07-07DH0,LT,24,28,0,0.46153846153846156
2020-07-08DH0,LT,25,28,0,0.4716981132075472
2020-07-09DH0,LT,26,28,0,0.48148148148148145
2020-07-10DH0,LT,26,29,0,0.4727272727272727
2020-07-11DH0,LT,27,29,0,0.48214285714285715
2020-07-14DH0,LT,28,29,0,0.49122807017543857
2020-07-15DH0,LT,28,30,0,0.4827586206896552
2020-07-16DH0,LT,29,30,0,0.4915254237288136
2020-07-17DH0,LT,29,31,0,0.48333333333333334
2020-07-18DH0,LT,29,32,0,0.47540983606557374
2020-07-19DH0,LT,30,32,0,0.4838709677419355
2020-07-21DH0,LT,30,33,0,0.47619047619047616
2020-07-24DH0,LT,31,33,0,0.484375
2020-07-25DH0,LT,32,33,0,0.49230769230769234
2020-07-26DH0,LT,32,34,0,0.48484848484848486
2020-07-28DH0,LT,33,34,0,0.4925373134328358
2020-07-31DH0,LT,33,35,0,0.4852941176470588
2020-08-01DH0,LT,34,35,0,0.4927536231884058
2020-08-02DH0,LT,35,35,0,0.5
2020-08-04DH0,LT,36,35,0,0.5070422535211268
2020-08-06DH0,LT,37,35,0,0.5138888888888888
2020-08-07DH0,LT,38,35,0,0.5205479452054794
2020-08-08DH0,LT,38,35,1,0.5205479452054794
2020-08-12DH0,LT,39,35,1,0.527027027027027
2020-08-13DH0,LT,39,36,1,0.52
2020-08-14DH0,LT,40,36,1,0.5263157894736842
2020-08-15DH0,LT,40,37,1,0.5194805194805194
2020-08-16DH0,LT,40,38,1,0.5128205128205128
2020-08-18DH0,LT,40,39,1,0.5063291139240507
2020-08-19DH0,LT,41,39,1,0.5125
2020-08-20DH0,LT,42,39,1,0.5185185185185185
2020-08-21DH0,LT,42,40,1,0.5121951219512195
2020-08-22DH0,LT,43,40,1,0.5180722891566265
2020-08-23DH0,LT,44,40,1,0.5238095238095238
2020-08-25DH0,LT,44,41,1,0.5176470588235295
2020-08-26DH0,LT,45,41,1,0.5232558139534884
2020-08-27DH0,LT,45,42,1,0.5172413793103449
2020-08-28DH0,LT,45,43,1,0.5113636363636364
2020-08-29DH0,LT,46,43,1,0.5168539325842697
2020-08-30DH0,LT,47,43,1,0.5222222222222223
2020-09-01DH0,LT,47,44,1,0.5164835164835165
2020-09-03DH0,LT,47,45,1,0.5108695652173914
2020-09-04DH0,LT,47,46,1,0.5053763440860215
2020-09-04DH1,LT,48,46,1,0.5106382978723404
2020-09-06DH0,LT,48,47,1,0.5052631578947369
2020-09-07DH0,LT,49,47,1,0.5104166666666666
2020-09-08DH0,LT,49,48,1,0.5051546391752577
2020-09-09DH0,LT,50,48,1,0.5102040816326531
2020-09-10DH0,LT,51,48,1,0.5151515151515151
2020-09-11DH0,LT,52,48,1,0.52
2020-09-12DH0,LT,52,49,1,0.5148514851485149
2020-09-13DH0,LT,52,50,1,0.5098039215686274
2020-09-15DH0,LT,53,50,1,0.5145631067961165
2020-09-16DH0,LT,54,50,1,0.5192307692307693
2020-09-17DH0,LT,54,51,1,0.5142857142857142
2020-09-18DH0,LT,55,51,1,0.5188679245283019
2020-09-19DH0,LT,56,51,1,0.5233644859813084
2020-09-20DH0,LT,56,52,1,0.5185185185185185
2020-09-20DH1,LT,56,53,1,0.5137614678899083
2020-09-22DH0,LT,57,53,1,0.5181818181818182
2020-09-23DH0,LT,57,54,1,0.5135135135135135
2020-09-24DH0,LT,57,55,1,0.5089285714285714
2020-09-25DH0,LT,57,56,1,0.504424778761062
2020-05-05DH0,WO,1,0,0,1.0
2020-05-06DH0,WO,2,0,0,1.0
2020-05-07DH0,WO,2,1,0,0.6666666666666666
2020-05-08DH0,WO,3,1,0,0.75
2020-05-09DH0,WO,4,1,0,0.8
2020-05-10DH0,WO,5,1,0,0.8333333333333334
2020-05-12DH0,WO,6,1,0,0.8571428571428571
2020-05-13DH0,WO,6,2,0,0.75
2020-05-14DH0,WO,6,3,0,0.6666666666666666
2020-05-16DH0,WO,6,4,0,0.6
2020-05-16DH1,WO,6,5,0,0.5454545454545454
2020-05-17DH0,WO,7,5,0,0.5833333333333334
2020-05-19DH0,WO,8,5,0,0.6153846153846154
2020-05-20DH0,WO,8,6,0,0.5714285714285714
2020-05-21DH0,WO,9,6,0,0.6
2020-05-22DH0,WO,9,7,0,0.5625
2020-05-23DH0,WO,10,7,0,0.5882352941176471
2020-05-24DH0,WO,10,8,0,0.5555555555555556
2020-05-26DH0,WO,10,9,0,0.5263157894736842
2020-05-27DH0,WO,10,10,0,0.5
2020-05-28DH0,WO,10,11,0,0.47619047619047616
2020-05-29DH0,WO,11,11,0,0.5
2020-05-30DH0,WO,12,11,0,0.5217391304347826
2020-05-31DH0,WO,12,12,0,0.5
2020-06-02DH0,WO,13,12,0,0.52
2020-06-03DH0,WO,14,12,0,0.5384615384615384
2020-06-04DH0,WO,15,12,0,0.5555555555555556
2020-06-05DH0,WO,16,12,0,0.5714285714285714
2020-06-06DH0,WO,17,12,0,0.5862068965517241
2020-06-07DH0,WO,17,13,0,0.5666666666666667
2020-06-09DH0,WO,18,13,0,0.5806451612903226
2020-06-10DH0,WO,18,14,0,0.5625
2020-06-11DH0,WO,18,15,0,0.5454545454545454
2020-06-12DH0,WO,19,15,0,0.5588235294117647
2020-06-13DH0,WO,20,15,0,0.5714285714285714
2020-06-14DH0,WO,20,16,0,0.5555555555555556
2020-06-16DH0,WO,20,17,0,0.5405405405405406
2020-06-17DH0,WO,21,17,0,0.5526315789473685
2020-06-18DH0,WO,22,17,0,0.5641025641025641
2020-06-19DH0,WO,23,17,0,0.575
2020-06-20DH0,WO,24,17,0,0.5853658536585366
2020-06-21DH0,WO,25,17,0,0.5952380952380952
2020-06-23DH0,WO,26,17,0,0.6046511627906976
2020-06-25DH0,WO,27,17,0,0.6136363636363636
2020-06-25DH1,WO,28,17,0,0.6222222222222222
2020-06-26DH0,WO,28,18,0,0.6086956521739131
2020-06-27DH0,WO,29,18,0,0.6170212765957447
2020-06-28DH0,WO,30,18,0,0.625
2020-06-30DH0,WO,31,18,0,0.6326530612244898
2020-07-01DH0,WO,31,19,0,0.62
2020-07-02DH0,WO,32,19,0,0.6274509803921569
2020-07-03DH0,WO,32,20,0,0.6153846153846154
2020-07-04DH0,WO,33,20,0,0.6226415094339622
2020-07-05DH0,WO,33,21,0,0.6111111111111112
2020-07-07DH0,WO,33,22,0,0.6
2020-07-08DH0,WO,34,22,0,0.6071428571428571
2020-07-09DH0,WO,35,22,0,0.6140350877192983
2020-07-10DH0,WO,35,23,0,0.603448275862069
2020-07-11DH0,WO,35,24,0,0.5932203389830508
2020-07-13DH0,WO,35,25,0,0.5833333333333334
2020-07-14DH0,WO,36,25,0,0.5901639344262295
2020-07-15DH0,WO,37,25,0,0.5967741935483871
2020-07-16DH0,WO,37,26,0,0.5873015873015873
2020-07-17DH0,WO,37,27,0,0.578125
2020-07-18DH0,WO,38,27,0,0.5846153846153846
2020-07-19DH0,WO,38,28,0,0.5757575757575758
2020-07-21DH0,WO,38,29,0,0.5671641791044776
2020-07-24DH0,WO,38,30,0,0.5588235294117647
2020-07-25DH0,WO,38,31,0,0.5507246376811594
2020-07-26DH0,WO,39,31,0,0.5571428571428572
2020-07-28DH0,WO,40,31,0,0.5633802816901409
2020-07-30DH0,WO,41,31,0,0.5694444444444444
2020-07-31DH0,WO,42,31,0,0.5753424657534246
2020-08-01DH0,WO,43,31,0,0.581081081081081
2020-08-02DH0,WO,44,31,0,0.5866666666666667
2020-08-04DH0,WO,44,32,0,0.5789473684210527
2020-08-05DH0,WO,45,32,0,0.5844155844155844
2020-08-06DH0,WO,46,32,0,0.5897435897435898
2020-08-07DH0,WO,46,33,0,0.5822784810126582
2020-08-08DH0,WO,47,33,0,0.5875
2020-08-09DH0,WO,48,33,0,0.5925925925925926
2020-08-11DH0,WO,48,34,0,0.5853658536585366
2020-08-12DH0,WO,49,34,0,0.5903614457831325
2020-08-13DH0,WO,50,34,0,0.5952380952380952
2020-08-14DH0,WO,50,35,0,0.5882352941176471
2020-08-15DH0,WO,51,35,0,0.5930232558139535
2020-08-16DH0,WO,52,35,0,0.5977011494252874
2020-08-18DH0,WO,52,36,0,0.5909090909090909
2020-08-19DH0,WO,53,36,0,0.5955056179775281
2020-08-20DH0,WO,54,36,0,0.6
2020-08-21DH0,WO,54,37,0,0.5934065934065934
2020-08-22DH0,WO,55,37,0,0.5978260869565217
2020-08-23DH0,WO,55,38,0,0.5913978494623656
2020-08-25DH0,WO,56,38,0,0.5957446808510638
2020-08-26DH0,WO,56,39,0,0.5894736842105263
2020-08-27DH0,WO,57,39,0,0.59375
2020-08-28DH0,WO,58,39,0,0.5979381443298969
2020-08-29DH0,WO,58,40,0,0.5918367346938775
2020-08-30DH0,WO,59,40,0,0.5959595959595959
2020-09-01DH0,WO,59,41,0,0.59
2020-09-02DH0,WO,60,41,0,0.594059405940594
2020-09-03DH0,WO,61,41,0,0.5980392156862745
2020-09-04DH0,WO,61,42,0,0.5922330097087378
2020-09-05DH0,WO,61,43,0,0.5865384615384616
2020-09-06DH0,WO,61,44,0,0.580952380952381
2020-09-08DH0,WO,62,44,0,0.5849056603773585
2020-09-09DH0,WO,63,44,0,0.5887850467289719
2020-09-10DH0,WO,63,45,0,0.5833333333333334
2020-09-11DH0,WO,64,45,0,0.5871559633027523
2020-09-12DH0,WO,65,45,0,0.5909090909090909
2020-09-13DH0,WO,65,45,1,0.5909090909090909
2020-09-15DH0,WO,65,46,1,0.5855855855855856
2020-09-16DH0,WO,65,47,1,0.5803571428571429
2020-09-17DH0,WO,66,47,1,0.584070796460177
2020-09-18DH0,WO,66,48,1,0.5789473684210527
2020-09-19DH0,WO,67,48,1,0.5826086956521739
2020-09-20DH0,WO,67,49,1,0.5775862068965517
2020-09-22DH0,WO,68,49,1,0.5811965811965812
2020-09-23DH0,WO,69,49,1,0.5847457627118644
2020-09-24DH0,WO,70,49,1,0.5882352941176471
2020-09-25DH0,WO,70,50,1,0.5833333333333334
