GDAY_DS,T_ID,AB,HIT
20200505OBLGDH0,OB,30,6
20200506OBLGDH0,OB,35,12
20200507OBLGDH0,OB,40,14
20200508KTOBDH0,OB,33,8
20200510KTOBDH0,OB,46,16
20200512OBLTDH0,OB,40,20
20200513OBLTDH0,OB,35,9
20200514OBLTDH0,OB,33,11
20200515OBHTDH0,OB,42,18
20200516OBHTDH0,OB,30,9
20200517OBHTDH0,OB,35,15
20200519NCOBDH0,OB,36,10
20200520NCOBDH0,OB,30,3
20200521NCOBDH0,OB,34,11
20200522OBSSDH0,OB,36,14
20200523OBSSDH0,OB,31,13
20200524OBSSDH0,OB,29,10
20200524OBSSDH1,OB,4,0
20200526SKOBDH0,OB,25,4
20200527SKOBDH0,OB,31,7
20200528SKOBDH0,OB,27,3
20200529LTOBDH0,OB,28,5
20200530LTOBDH0,OB,37,11
20200531LTOBDH0,OB,38,11
20200602OBKTDH0,OB,41,18
20200603OBKTDH0,OB,29,4
20200604OBKTDH0,OB,39,14
20200605HTOBDH0,OB,30,7
20200606HTOBDH0,OB,30,9
20200607HTOBDH0,OB,35,10
20200609OBNCDH0,OB,31,10
20200610OBNCDH0,OB,33,11
20200611OBNCDH0,OB,31,9
20200612OBHHDH0,OB,28,8
20200613OBHHDH0,OB,30,11
20200614OBHHDH0,OB,35,9
20200616SSOBDH0,OB,27,5
20200617SSOBDH0,OB,29,8
20200618SSOBDH0,OB,30,11
20200619OBLGDH0,OB,29,13
20200620OBLGDH0,OB,31,8
20200621OBLGDH0,OB,30,6
20200623OBSKDH0,OB,30,10
20200625OBSKDH0,OB,43,18
20200625OBSKDH1,OB,23,4
20200626NCOBDH0,OB,30,7
20200627NCOBDH0,OB,30,12
20200628NCOBDH0,OB,28,5
20200630OBWODH0,OB,22,7
20200701OBWODH0,OB,36,18
20200702OBWODH0,OB,33,9
20200703HHOBDH0,OB,27,6
20200704HHOBDH0,OB,37,10
20200705HHOBDH0,OB,34,13
20200707LGOBDH0,OB,35,14
20200708LGOBDH0,OB,41,15
20200709LGOBDH0,OB,33,12
20200710OBLTDH0,OB,37,11
20200711OBLTDH0,OB,36,8
20200714SKOBDH0,OB,35,11
20200715SKOBDH0,OB,35,14
20200716SKOBDH0,OB,32,10
20200717OBHTDH0,OB,28,7
20200718OBHTDH0,OB,32,12
20200719OBHTDH0,OB,33,11
20200721WOOBDH0,OB,31,7
20200724LGOBDH0,OB,28,7
20200725LGOBDH0,OB,28,8
20200726LGOBDH0,OB,29,8
20200728WOOBDH0,OB,33,9
20200730WOOBDH0,OB,35,10
20200731OBNCDH0,OB,36,14
20200801OBNCDH0,OB,42,16
20200802OBNCDH0,OB,44,14
20200804SSOBDH0,OB,36,9
20200805SSOBDH0,OB,28,4
20200806SSOBDH0,OB,31,7
20200807LTOBDH0,OB,33,11
20200808LTOBDH0,OB,15,2
20200811OBSSDH0,OB,33,9
20200812OBSSDH0,OB,43,23
20200813OBSSDH0,OB,27,4
20200814KTOBDH0,OB,44,10
20200815KTOBDH0,OB,36,12
20200816KTOBDH0,OB,24,3
20200818OBLTDH0,OB,38,15
20200819OBLTDH0,OB,27,6
20200820LTOBDH0,OB,37,13
20200821LTOBDH0,OB,29,5
20200822OBSKDH0,OB,39,12
20200823OBSKDH0,OB,34,9
20200825HTOBDH0,OB,33,14
20200826HTOBDH0,OB,34,11
20200827OBNCDH0,OB,35,11
20200828OBNCDH0,OB,43,17
20200829OBLGDH0,OB,35,11
20200830OBLGDH0,OB,29,6
20200901HHOBDH0,OB,33,10
20200903OBSSDH0,OB,38,10
20200904OBSSDH0,OB,30,7
20200905SKOBDH0,OB,29,6
20200906SKOBDH0,OB,36,14
20200908KTOBDH0,OB,34,11
20200909KTOBDH0,OB,41,10
20200910OBHTDH0,OB,36,9
20200912OBWODH0,OB,29,4
20200913OBWODH0,OB,47,15
20200915NCOBDH0,OB,30,8
20200916NCOBDH0,OB,31,7
20200917OBKTDH0,OB,31,6
20200918OBKTDH0,OB,41,11
20200919LGOBDH0,OB,36,10
20200920LGOBDH0,OB,31,9
20200922OBHHDH0,OB,29,6
20200923OBHHDH0,OB,36,11
20200924SSOBDH0,OB,26,1
20200925SSOBDH0,OB,31,7
20200926WOOBDH0,OB,31,9
20200927WOOBDH0,OB,30,7
20200927WOOBDH0DH1,OB,1,0
20200927WOOBDH1,OB,29,10
20200505HHSKDH0,HH,17,5
20200505HHSKDH1,HH,4,1
20200506HHSKDH0,HH,21,3
20200507HHSKDH0,HH,26,11
20200508HHWODH0,HH,21,5
20200509HHWODH0,HH,21,8
20200509HHWODH1,HH,3,1
20200510HHWODH0,HH,23,6
20200512HTHHDH0,HH,22,5
20200513HTHHDH0,HH,24,7
20200514HTHHDH0,HH,25,6
20200515LTHHDH0,HH,21,6
20200516LTHHDH0,HH,30,8
20200517LTHHDH0,HH,24,4
20200517LTHHDH1,HH,2,1
20200519HHKTDH0,HH,31,10
20200520HHKTDH0,HH,24,5
20200520HHKTDH1,HH,4,1
20200521HHKTDH0,HH,27,11
20200522HHNCDH0,HH,26,7
20200523HHNCDH0,HH,22,4
20200524HHNCDH0,HH,26,4
20200526LGHHDH0,HH,23,2
20200527LGHHDH0,HH,28,10
20200528LGHHDH0,HH,22,4
20200528LGHHDH1,HH,2,0
20200529HHSKDH0,HH,28,10
20200530HHSKDH0,HH,22,1
20200531HHSKDH0,HH,24,3
20200602WOHHDH0,HH,27,8
20200603WOHHDH0,HH,20,4
20200604WOHHDH0,HH,23,7
20200605NCHHDH0,HH,19,3
20200605NCHHDH1,HH,1,0
20200606NCHHDH0,HH,31,7
20200607NCHHDH0,HH,26,5
20200609HHLTDH0,HH,22,5
20200610HHLTDH0,HH,21,4
20200611HHLTDH0,HH,21,5
20200612OBHHDH0,HH,24,2
20200613OBHHDH0,HH,26,7
20200614OBHHDH0,HH,21,6
20200616LGHHDH0,HH,28,8
20200617LGHHDH0,HH,25,4
20200618LGHHDH0,HH,26,9
20200619HHNCDH0,HH,26,4
20200620HHNCDH0,HH,21,6
20200621HHNCDH0,HH,26,7
20200623HHSSDH0,HH,30,10
20200624HHSSDH0,HH,28,6
20200625HHSSDH0,HH,28,9
20200626KTHHDH0,HH,21,8
20200626KTHHDH1,HH,4,1
20200627KTHHDH0,HH,23,6
20200628KTHHDH0,HH,19,6
20200628KTHHDH1,HH,4,0
20200701HHHTDH0,HH,24,12
20200702HHHTDH0,HH,23,8
20200702HHHTDH1,HH,2,0
20200703HHOBDH0,HH,27,4
20200704HHOBDH0,HH,33,10
20200705HHOBDH0,HH,28,9
20200707LTHHDH0,HH,34,6
20200708LTHHDH0,HH,27,4
20200709LTHHDH0,HH,30,7
20200710SKHHDH0,HH,27,4
20200711SKHHDH0,HH,28,5
20200713SKHHDH0,HH,25,8
20200714HHKTDH0,HH,24,8
20200715HHKTDH0,HH,34,10
20200716HHKTDH0,HH,28,6
20200717HHLGDH0,HH,26,3
20200718HHLGDH0,HH,25,5
20200719HHLGDH0,HH,28,7
20200721HTHHDH0,HH,26,3
20200722HTHHDH0,HH,24,2
20200724SKHHDH0,HH,18,3
20200724SKHHDH1,HH,3,0
20200726SKHHDH0,HH,26,8
20200727SKHHDH0,HH,26,5
20200729HHSSDH0,HH,35,14
20200730HHSSDH0,HH,30,3
20200731HHLGDH0,HH,30,9
20200801HHLGDH0,HH,28,7
20200805NCHHDH0,HH,28,10
20200806NCHHDH0,HH,25,5
20200809KTHHDH0,HH,30,7
20200811HHWODH0,HH,41,10
20200812HHWODH0,HH,30,4
20200813HHWODH0,HH,29,9
20200814SSHHDH0,HH,25,4
20200815SSHHDH0,HH,24,7
20200816SSHHDH0,HH,26,2
20200818HHSKDH0,HH,27,6
20200819HHSKDH0,HH,36,10
20200820KTHHDH0,HH,26,2
20200821KTHHDH0,HH,35,11
20200823HHLGDH0,HH,28,5
20200824HHLGDH0,HH,34,14
20200824HHLGDH1,HH,0,0
20200825HHNCDH0,HH,32,11
20200826HHNCDH0,HH,34,7
20200827SSHHDH0,HH,30,11
20200827SSHHDH1,HH,0,0
20200829HHLTDH0,HH,34,10
20200830HHLTDH0,HH,28,6
20200901HHOBDH0,HH,26,3
20200903WOHHDH0,HH,35,9
20200904WOHHDH0,HH,28,9
20200905HTHHDH0,HH,27,8
20200906HTHHDH0,HH,31,9
20200908HHSSDH0,HH,32,8
20200909HHSSDH0,HH,57,15
20200909HHSSDH1,HH,7,3
20200910SKHHDH0,HH,26,4
20200911SKHHDH0,HH,33,6
20200912HHKTDH0,HH,29,6
20200913HHKTDH0,HH,25,5
20200915LGHHDH0,HH,33,7
20200916LGHHDH0,HH,28,7
20200916LGHHDH1,HH,1,0
20200917HHWODH0,HH,23,3
20200918HHWODH0,HH,35,8
20200919HHHTDH0,HH,27,4
20200920HHHTDH0,HH,37,16
20200922OBHHDH0,HH,29,6
20200923OBHHDH0,HH,30,11
20200924LTHHDH0,HH,36,15
20200925LTHHDH0,HH,30,9
20200925LTHHDH1,HH,2,1
20200926NCHHDH0,HH,31,9
20200927NCHHDH0,HH,26,3
20200927NCHHDH1,HH,1,0
20200505NCSSDH0,NC,33,7
20200506NCSSDH0,NC,29,6
20200506NCSSDH1,NC,3,2
20200507NCSSDH0,NC,34,9
20200508LGNCDH0,NC,37,13
20200510LGNCDH0,NC,34,11
20200512KTNCDH0,NC,32,9
20200512KTNCDH1,NC,5,3
20200513KTNCDH0,NC,35,10
20200514KTNCDH0,NC,31,9
20200515NCSKDH0,NC,39,11
20200516NCSKDH0,NC,26,5
20200517NCSKDH0,NC,30,12
20200519NCOBDH0,NC,38,12
20200520NCOBDH0,NC,35,5
20200521NCOBDH0,NC,43,18
20200522HHNCDH0,NC,27,6
20200523HHNCDH0,NC,30,10
20200524HHNCDH0,NC,35,13
20200526WONCDH0,NC,28,8
20200527WONCDH0,NC,32,12
20200528WONCDH0,NC,36,12
20200529NCSSDH0,NC,33,8
20200530NCSSDH0,NC,28,3
20200531NCSSDH0,NC,42,21
20200602SKNCDH0,NC,32,7
20200603SKNCDH0,NC,35,14
20200604SKNCDH0,NC,31,10
20200605NCHHDH0,NC,43,17
20200606NCHHDH0,NC,37,13
20200607NCHHDH0,NC,39,13
20200609OBNCDH0,NC,34,12
20200610OBNCDH0,NC,34,7
20200611OBNCDH0,NC,37,14
20200612WONCDH0,NC,35,8
20200613WONCDH0,NC,34,11
20200614WONCDH0,NC,34,13
20200616NCHTDH0,NC,36,10
20200617NCHTDH0,NC,32,7
20200619HHNCDH0,NC,24,6
20200620HHNCDH0,NC,28,7
20200621HHNCDH0,NC,32,10
20200621HHNCDH1,NC,3,1
20200623NCKTDH0,NC,31,7
20200625NCKTDH0,NC,67,16
20200625NCKTDH1,NC,0,0
20200626NCOBDH0,NC,32,11
20200627NCOBDH0,NC,32,6
20200628NCOBDH0,NC,37,12
20200630LTNCDH0,NC,36,10
20200701LTNCDH0,NC,29,6
20200702LTNCDH0,NC,37,14
20200703HTNCDH0,NC,34,9
20200704HTNCDH0,NC,33,14
20200705HTNCDH0,NC,35,8
20200707NCSKDH0,NC,33,8
20200708NCSKDH0,NC,34,7
20200709NCSKDH0,NC,39,13
20200710NCLGDH0,NC,33,11
20200710NCLGDH1,NC,5,4
20200711NCLGDH0,NC,40,9
20200711NCLGDH1,NC,5,0
20200714NCWODH0,NC,30,3
20200715NCWODH0,NC,30,9
20200715NCWODH1,NC,4,2
20200716NCWODH0,NC,26,12
20200716NCWODH1,NC,8,2
20200717KTNCDH0,NC,30,5
20200717KTNCDH1,NC,8,1
20200718KTNCDH0,NC,33,11
20200719KTNCDH0,NC,35,12
20200721SSNCDH0,NC,38,13
20200724NCKTDH0,NC,28,7
20200724NCKTDH1,NC,3,0
20200725NCKTDH0,NC,29,6
20200726NCKTDH0,NC,32,7
20200728NCLTDH0,NC,42,17
20200731OBNCDH0,NC,36,14
20200801OBNCDH0,NC,41,14
20200802OBNCDH0,NC,36,7
20200805NCHHDH0,NC,27,5
20200806NCHHDH0,NC,25,7
20200808NCHTDH0,NC,25,5
20200809NCHTDH0,NC,29,13
20200812NCLTDH0,NC,30,8
20200813NCLTDH0,NC,34,13
20200814LGNCDH0,NC,28,6
20200815LGNCDH0,NC,27,10
20200816LGNCDH0,NC,32,9
20200818WONCDH0,NC,25,7
20200819WONCDH0,NC,32,7
20200820NCHTDH0,NC,32,16
20200820NCHTDH1,NC,5,1
20200821NCHTDH0,NC,30,9
20200821NCHTDH1,NC,3,0
20200823NCKTDH0,NC,31,8
20200824NCKTDH0,NC,28,7
20200825HHNCDH0,NC,34,14
20200826HHNCDH0,NC,33,11
20200827OBNCDH0,NC,30,12
20200828OBNCDH0,NC,29,9
20200829SKNCDH0,NC,35,14
20200830SKNCDH0,NC,28,7
20200901NCWODH0,NC,32,10
20200902NCWODH0,NC,33,8
20200903NCLGDH0,NC,37,14
20200904NCLGDH0,NC,43,13
20200904NCLGDH1,NC,0,0
20200906NCSSDH0,NC,31,5
20200908LTNCDH0,NC,40,16
20200909LTNCDH0,NC,41,11
20200910KTNCDH0,NC,36,13
20200911KTNCDH0,NC,35,13
20200912HTNCDH0,NC,30,6
20200913HTNCDH0,NC,32,8
20200915NCOBDH0,NC,29,5
20200916NCOBDH0,NC,30,7
20200917NCSKDH0,NC,26,8
20200917NCSKDH1,NC,4,1
20200918NCSKDH0,NC,31,8
20200919NCLTDH0,NC,30,9
20200919NCLTDH1,NC,3,1
20200920NCLTDH0,NC,59,19
20200920NCLTDH1,NC,10,4
20200922SSNCDH0,NC,27,6
20200923SSNCDH0,NC,28,10
20200924LGNCDH0,NC,38,16
20200925LGNCDH0,NC,30,9
20200926NCHHDH0,NC,34,15
20200926NCHHDH1,NC,5,1
20200927NCHHDH0,NC,33,8
20200505LTKTDH0,LT,32,7
20200506LTKTDH0,LT,36,12
20200507LTKTDH0,LT,40,14
20200508SKLTDH0,LT,39,13
20200510SKLTDH0,LT,27,6
20200510SKLTDH1,LT,2,0
20200512OBLTDH0,LT,42,15
20200513OBLTDH0,LT,35,12
20200514OBLTDH0,LT,34,9
20200515LTHHDH0,LT,33,8
20200516LTHHDH0,LT,36,11
20200517LTHHDH0,LT,35,7
20200517LTHHDH1,LT,4,0
20200519LTHTDH0,LT,28,4
20200519LTHTDH1,LT,4,2
20200520LTHTDH0,LT,27,3
20200520LTHTDH1,LT,1,0
20200521LTHTDH0,LT,31,7
20200522WOLTDH0,LT,36,12
20200523WOLTDH0,LT,35,8
20200524WOLTDH0,LT,33,9
20200526SSLTDH0,LT,30,6
20200527SSLTDH0,LT,33,5
20200528SSLTDH0,LT,32,5
20200529LTOBDH0,LT,34,10
20200530LTOBDH0,LT,42,11
20200531LTOBDH0,LT,40,8
20200602LTHTDH0,LT,32,7
20200603LTHTDH0,LT,30,3
20200604LTHTDH0,LT,36,10
20200605KTLTDH0,LT,34,10
20200606KTLTDH0,LT,27,5
20200607KTLTDH0,LT,27,8
20200607KTLTDH1,LT,4,1
20200609HHLTDH0,LT,33,14
20200609HHLTDH1,LT,4,2
20200610HHLTDH0,LT,39,14
20200611HHLTDH0,LT,32,10
20200612LTLGDH0,LT,36,9
20200613LTLGDH0,LT,34,8
20200614LTLGDH0,LT,36,14
20200614LTLGDH1,LT,5,2
20200616LTWODH0,LT,35,10
20200617LTWODH0,LT,29,8
20200617LTWODH1,LT,4,1
20200618LTWODH0,LT,37,10
20200619LTKTDH0,LT,44,14
20200620LTKTDH0,LT,41,14
20200621LTKTDH0,LT,31,7
20200621LTKTDH1,LT,4,2
20200623HTLTDH0,LT,30,8
20200626SSLTDH0,LT,39,9
20200627SSLTDH0,LT,29,6
20200628SSLTDH0,LT,34,10
20200630LTNCDH0,LT,43,15
20200701LTNCDH0,LT,30,6
20200702LTNCDH0,LT,26,8
20200702LTNCDH1,LT,9,2
20200703SKLTDH0,LT,29,7
20200703SKLTDH1,LT,3,2
20200704SKLTDH0,LT,37,14
20200705SKLTDH0,LT,31,7
20200705SKLTDH1,LT,1,0
20200707LTHHDH0,LT,48,14
20200708LTHHDH0,LT,41,15
20200709LTHHDH0,LT,29,5
20200710OBLTDH0,LT,32,7
20200711OBLTDH0,LT,33,9
20200714LGLTDH0,LT,31,10
20200715LGLTDH0,LT,37,12
20200716LGLTDH0,LT,40,15
20200717LTSSDH0,LT,38,13
20200718LTSSDH0,LT,32,7
20200719LTSSDH0,LT,29,6
20200721LTSKDH0,LT,35,10
20200724LTWODH0,LT,33,9
20200725LTWODH0,LT,30,7
20200725LTWODH1,LT,5,2
20200726LTWODH0,LT,34,8
20200728NCLTDH0,LT,36,14
20200731HTLTDH0,LT,33,6
20200731HTLTDH1,LT,0,0
20200801HTLTDH0,LT,27,8
20200801HTLTDH1,LT,4,2
20200802HTLTDH0,LT,34,11
20200804LTSKDH0,LT,36,12
20200804LTSKDH1,LT,5,3
20200806LTSKDH0,LT,33,6
20200807LTOBDH0,LT,39,12
20200808LTOBDH0,LT,22,6
20200812NCLTDH0,LT,29,12
20200812NCLTDH1,LT,4,1
20200813NCLTDH0,LT,29,5
20200813NCLTDH1,LT,4,2
20200814WOLTDH0,LT,31,11
20200815WOLTDH0,LT,27,7
20200815WOLTDH1,LT,8,0
20200816WOLTDH0,LT,30,6
20200818OBLTDH0,LT,31,5
20200818OBLTDH1,LT,3,1
20200819OBLTDH0,LT,31,10
20200820LTOBDH0,LT,36,11
20200821LTOBDH0,LT,28,2
20200821LTOBDH1,LT,3,1
20200822LTSSDH0,LT,39,13
20200823LTSSDH0,LT,37,10
20200825SKLTDH0,LT,38,11
20200826SKLTDH0,LT,28,4
20200827WOLTDH0,LT,36,12
20200828WOLTDH0,LT,34,10
20200828WOLTDH1,LT,3,2
20200829HHLTDH0,LT,33,11
20200830HHLTDH0,LT,34,10
20200901LTKTDH0,LT,29,6
20200903HTLTDH0,LT,30,5
20200904HTLTDH0,LT,61,19
20200904HTLTDH1,LT,2,0
20200906LGLTDH0,LT,29,3
20200907LGLTDH0,LT,37,15
20200907LGLTDH1,LT,2,1
20200908LTNCDH0,LT,33,6
20200909LTNCDH0,LT,36,8
20200910SSLTDH0,LT,45,21
20200911SSLTDH0,LT,37,14
20200912LTSKDH0,LT,30,6
20200913LTSKDH0,LT,29,5
20200915LTWODH0,LT,33,10
20200916LTWODH0,LT,39,14
20200917LTLGDH0,LT,34,8
20200917LTLGDH1,LT,0,0
20200918LTLGDH0,LT,35,8
20200918LTLGDH1,LT,1,0
20200919NCLTDH0,LT,30,7
20200920NCLTDH0,LT,71,19
20200922KTLTDH0,LT,29,10
20200922KTLTDH1,LT,2,0
20200923KTLTDH0,LT,33,9
20200924LTHHDH0,LT,32,6
20200925LTHHDH0,LT,33,12
20200925LTHHDH1,LT,4,1
20200926LTHTDH0,LT,44,18
20200927LTHTDH0,LT,32,5
20200927LTHTDH1,LT,1,1
20200505WOHTDH0,WO,26,8
20200505WOHTDH1,WO,4,1
20200506WOHTDH0,WO,23,6
20200507WOHTDH0,WO,31,8
20200508HHWODH0,WO,27,8
20200509HHWODH0,WO,22,4
20200510HHWODH0,WO,28,7
20200510HHWODH1,WO,0,0
20200512SSWODH0,WO,26,7
20200513SSWODH0,WO,23,2
20200513SSWODH1,WO,4,0
20200514SSWODH0,WO,28,8
20200516WOLGDH0,WO,51,11
20200516WOLGDH1,WO,4,1
20200517WOLGDH0,WO,37,16
20200519SKWODH0,WO,30,12
20200519SKWODH1,WO,2,1
20200520SKWODH0,WO,26,6
20200521SKWODH0,WO,40,13
20200522WOLTDH0,WO,24,4
20200523WOLTDH0,WO,34,13
20200524WOLTDH0,WO,19,3
20200524WOLTDH1,WO,3,1
20200526WONCDH0,WO,25,4
20200527WONCDH0,WO,26,8
20200528WONCDH0,WO,32,13
20200529KTWODH0,WO,31,7
20200530KTWODH0,WO,34,14
20200530KTWODH1,WO,3,2
20200531KTWODH0,WO,35,10
20200602WOHHDH0,WO,35,17
20200603WOHHDH0,WO,34,10
20200604WOHHDH0,WO,37,11
20200605LGWODH0,WO,28,8
20200606LGWODH0,WO,33,10
20200607LGWODH0,WO,29,7
20200607LGWODH1,WO,1,0
20200609WOSSDH0,WO,26,8
20200609WOSSDH1,WO,4,2
20200610WOSSDH0,WO,26,3
20200611WOSSDH0,WO,30,6
20200612WONCDH0,WO,31,4
20200613WONCDH0,WO,34,14
20200613WONCDH1,WO,4,0
20200614WONCDH0,WO,32,8
20200616LTWODH0,WO,27,4
20200616LTWODH1,WO,4,2
20200617LTWODH0,WO,27,9
20200618LTWODH0,WO,28,4
20200619SKWODH0,WO,27,4
20200620SKWODH0,WO,29,10
20200621SKWODH0,WO,35,10
20200623WOLGDH0,WO,39,14
20200625WOLGDH0,WO,61,14
20200625WOLGDH1,WO,3,1
20200626HTWODH0,WO,38,12
20200627HTWODH0,WO,29,5
20200628HTWODH0,WO,26,6
20200628HTWODH1,WO,1,0
20200630OBWODH0,WO,34,13
20200701OBWODH0,WO,35,10
20200702OBWODH0,WO,31,14
20200702OBWODH1,WO,5,1
20200703WOKTDH0,WO,33,6
20200704WOKTDH0,WO,33,12
20200705WOKTDH0,WO,33,11
20200707SSWODH0,WO,27,6
20200708SSWODH0,WO,27,9
20200709SSWODH0,WO,29,7
20200710WOHTDH0,WO,42,14
20200711WOHTDH0,WO,30,9
20200711WOHTDH1,WO,5,2
20200713WOHTDH0,WO,28,4
20200714NCWODH0,WO,27,8
20200714NCWODH1,WO,4,2
20200715NCWODH0,WO,28,9
20200715NCWODH1,WO,4,1
20200716NCWODH0,WO,32,6
20200717WOSKDH0,WO,34,11
20200718WOSKDH0,WO,25,6
20200719WOSKDH0,WO,32,7
20200721WOOBDH0,WO,31,9
20200724LTWODH0,WO,27,6
20200724LTWODH1,WO,4,0
20200725LTWODH0,WO,25,2
20200726LTWODH0,WO,32,11
20200728WOOBDH0,WO,30,8
20200728WOOBDH1,WO,4,0
20200730WOOBDH0,WO,30,12
20200731WOSSDH0,WO,34,10
20200801WOSSDH0,WO,46,23
20200802WOSSDH0,WO,38,10
20200804KTWODH0,WO,34,10
20200805KTWODH0,WO,39,15
20200806KTWODH0,WO,24,6
20200807LGWODH0,WO,32,6
20200808LGWODH0,WO,32,9
20200809LGWODH0,WO,28,7
20200811HHWODH0,WO,40,11
20200812HHWODH0,WO,28,8
20200813HHWODH0,WO,31,11
20200814WOLTDH0,WO,28,5
20200815WOLTDH0,WO,34,9
20200816WOLTDH0,WO,31,8
20200818WONCDH0,WO,32,7
20200819WONCDH0,WO,35,8
20200820LGWODH0,WO,31,8
20200820LGWODH1,WO,0,0
20200821LGWODH0,WO,31,6
20200822HTWODH0,WO,32,10
20200822HTWODH1,WO,0,0
20200823HTWODH0,WO,36,13
20200825WOKTDH0,WO,36,10
20200826WOKTDH0,WO,36,8
20200827WOLTDH0,WO,36,14
20200828WOLTDH0,WO,34,11
20200829SSWODH0,WO,29,7
20200830SSWODH0,WO,34,11
20200901NCWODH0,WO,32,6
20200902NCWODH0,WO,30,7
20200903WOHHDH0,WO,34,9
20200904WOHHDH0,WO,28,6
20200905KTWODH0,WO,30,4
20200906KTWODH0,WO,34,9
20200908WOSKDH0,WO,43,17
20200909WOSKDH0,WO,33,10
20200910WOLGDH0,WO,32,6
20200911WOLGDH0,WO,38,13
20200912OBWODH0,WO,27,8
20200912OBWODH1,WO,4,1
20200913OBWODH0,WO,47,13
20200915LTWODH0,WO,38,11
20200916LTWODH0,WO,30,4
20200917HHWODH0,WO,26,4
20200918HHWODH0,WO,31,4
20200919WOSSDH0,WO,39,15
20200920WOSSDH0,WO,33,13
20200922WOHTDH0,WO,29,5
20200923WOHTDH0,WO,39,17
20200924SKWODH0,WO,25,8
20200924SKWODH1,WO,4,1
20200925SKWODH0,WO,41,17
20200926WOOBDH0,WO,30,3
20200927WOOBDH0,WO,67,22
20200505LTKTDH0,KT,24,4
20200505LTKTDH1,KT,2,1
20200506LTKTDH0,KT,30,7
20200507LTKTDH0,KT,29,6
20200508KTOBDH0,KT,40,20
20200510KTOBDH0,KT,42,14
20200512KTNCDH0,KT,37,13
20200513KTNCDH0,KT,31,7
20200514KTNCDH0,KT,29,6
20200515SSKTDH0,KT,36,13
20200516SSKTDH0,KT,30,14
20200517SSKTDH0,KT,27,8
20200519HHKTDH0,KT,31,14
20200519HHKTDH1,KT,4,2
20200520HHKTDH0,KT,28,15
20200520HHKTDH1,KT,4,0
20200521HHKTDH0,KT,24,6
20200522KTLGDH0,KT,26,8
20200523KTLGDH0,KT,23,7
20200523KTLGDH1,KT,2,1
20200524KTLGDH0,KT,30,7
20200526HTKTDH0,KT,24,3
20200527HTKTDH0,KT,26,8
20200528HTKTDH0,KT,30,11
20200529KTWODH0,KT,29,8
20200530KTWODH0,KT,24,6
20200531KTWODH0,KT,35,12
20200602OBKTDH0,KT,35,10
20200603OBKTDH0,KT,30,12
20200604OBKTDH0,KT,30,8
20200605KTLTDH0,KT,29,9
20200606KTLTDH0,KT,27,6
20200607KTLTDH0,KT,26,7
20200609HTKTDH0,KT,28,7
20200610HTKTDH0,KT,13,2
20200611HTKTDH0,KT,32,13
20200613KTSSDH0,KT,55,13
20200614KTSSDH0,KT,27,10
20200616KTSKDH0,KT,31,8
20200617KTSKDH0,KT,36,12
20200618KTSKDH0,KT,35,12
20200619LTKTDH0,KT,35,13
20200620LTKTDH0,KT,27,5
20200621LTKTDH0,KT,26,6
20200623NCKTDH0,KT,30,8
20200625NCKTDH0,KT,57,18
20200626KTHHDH0,KT,29,7
20200627KTHHDH0,KT,27,6
20200628KTHHDH0,KT,31,9
20200630KTLGDH0,KT,35,9
20200701KTLGDH0,KT,38,18
20200702KTLGDH0,KT,37,15
20200703WOKTDH0,KT,31,10
20200704WOKTDH0,KT,30,8
20200704WOKTDH1,KT,1,1
20200705WOKTDH0,KT,31,12
20200707KTHTDH0,KT,30,9
20200708KTHTDH0,KT,30,8
20200709KTHTDH0,KT,32,9
20200710SSKTDH0,KT,29,11
20200711SSKTDH0,KT,31,12
20200714HHKTDH0,KT,24,8
20200714HHKTDH1,KT,4,1
20200715HHKTDH0,KT,31,9
20200716HHKTDH0,KT,26,7
20200717KTNCDH0,KT,38,9
20200718KTNCDH0,KT,25,3
20200719KTNCDH0,KT,29,5
20200721LGKTDH0,KT,31,11
20200724NCKTDH0,KT,30,6
20200725NCKTDH0,KT,26,7
20200726NCKTDH0,KT,30,7
20200730KTHTDH0,KT,28,8
20200731SKKTDH0,KT,35,15
20200801SKKTDH0,KT,29,12
20200801SKKTDH1,KT,1,0
20200804KTWODH0,KT,29,10
20200805KTWODH0,KT,28,10
20200806KTWODH0,KT,26,2
20200809KTHHDH0,KT,33,11
20200811SKKTDH0,KT,26,10
20200812SKKTDH0,KT,23,2
20200813SKKTDH0,KT,30,10
20200814KTOBDH0,KT,38,10
20200814KTOBDH1,KT,2,1
20200815KTOBDH0,KT,30,6
20200816KTOBDH0,KT,29,10
20200816KTOBDH1,KT,4,1
20200818KTSSDH0,KT,31,9
20200819KTSSDH0,KT,27,4
20200820KTHHDH0,KT,27,6
20200821KTHHDH0,KT,23,2
20200823NCKTDH0,KT,32,13
20200824NCKTDH0,KT,33,13
20200825WOKTDH0,KT,29,5
20200826WOKTDH0,KT,27,8
20200826WOKTDH1,KT,5,2
20200827KTLGDH0,KT,27,2
20200828KTLGDH0,KT,30,5
20200830KTHTDH0,KT,54,14
20200830KTHTDH1,KT,3,0
20200901LTKTDH0,KT,32,12
20200903SKKTDH0,KT,30,10
20200904SKKTDH0,KT,57,19
20200905KTWODH0,KT,29,10
20200906KTWODH0,KT,32,12
20200908KTOBDH0,KT,27,6
20200909KTOBDH0,KT,34,5
20200910KTNCDH0,KT,28,8
20200911KTNCDH0,KT,25,6
20200912HHKTDH0,KT,29,9
20200913HHKTDH0,KT,30,11
20200915SSKTDH0,KT,29,6
20200916SSKTDH0,KT,36,16
20200917OBKTDH0,KT,29,8
20200918OBKTDH0,KT,35,10
20200919KTSKDH0,KT,28,7
20200920KTSKDH0,KT,32,9
20200922KTLTDH0,KT,22,2
20200923KTLTDH0,KT,37,13
20200924HTKTDH0,KT,30,7
20200925HTKTDH0,KT,29,12
20200926LGKTDH0,KT,28,7
20200927LGKTDH0,KT,21,8
20200927LGKTDH1,KT,5,0
20200505HHSKDH0,SK,16,1
20200506HHSKDH0,SK,19,6
20200507HHSKDH0,SK,18,9
20200508SKLTDH0,SK,23,7
20200510SKLTDH0,SK,17,1
20200512SKLGDH0,SK,20,4
20200512SKLGDH1,SK,1,1
20200513SKLGDH0,SK,15,6
20200513SKLGDH1,SK,3,1
20200514SKLGDH0,SK,21,3
20200515NCSKDH0,SK,17,2
20200516NCSKDH0,SK,20,6
20200517NCSKDH0,SK,31,11
20200519SKWODH0,SK,26,5
20200520SKWODH0,SK,27,5
20200521SKWODH0,SK,29,10
20200522HTSKDH0,SK,21,3
20200523HTSKDH0,SK,24,5
20200524HTSKDH0,SK,23,5
20200526SKOBDH0,SK,21,3
20200527SKOBDH0,SK,20,4
20200528SKOBDH0,SK,23,7
20200529HHSKDH0,SK,21,7
20200530HHSKDH0,SK,23,6
20200531HHSKDH0,SK,17,5
20200531HHSKDH1,SK,1,1
20200602SKNCDH0,SK,24,6
20200603SKNCDH0,SK,26,7
20200604SKNCDH0,SK,18,4
20200605SSSKDH0,SK,20,5
20200606SSSKDH0,SK,16,4
20200607SSSKDH0,SK,23,4
20200609SKLGDH0,SK,28,8
20200611SKLGDH0,SK,50,14
20200611SKLGDH1,SK,0,0
20200612HTSKDH0,SK,18,3
20200613HTSKDH0,SK,18,1
20200613HTSKDH1,SK,3,1
20200614HTSKDH0,SK,15,3
20200614HTSKDH1,SK,1,0
20200616KTSKDH0,SK,23,5
20200617KTSKDH0,SK,22,7
20200618KTSKDH0,SK,19,6
20200619SKWODH0,SK,19,5
20200620SKWODH0,SK,20,7
20200621SKWODH0,SK,18,3
20200623OBSKDH0,SK,18,6
20200625OBSKDH0,SK,37,15
20200626LGSKDH0,SK,15,4
20200627LGSKDH0,SK,16,2
20200628LGSKDH0,SK,14,4
20200630SKSSDH0,SK,18,3
20200701SKSSDH0,SK,16,3
20200702SKSSDH0,SK,21,8
20200703SKLTDH0,SK,28,9
20200704SKLTDH0,SK,21,9
20200705SKLTDH0,SK,21,5
20200707NCSKDH0,SK,23,9
20200707NCSKDH1,SK,0,0
20200708NCSKDH0,SK,13,1
20200708NCSKDH1,SK,4,1
20200709NCSKDH0,SK,14,3
20200710SKHHDH0,SK,27,8
20200711SKHHDH0,SK,24,5
20200713SKHHDH0,SK,21,2
20200714SKOBDH0,SK,21,8
20200714SKOBDH1,SK,1,0
20200715SKOBDH0,SK,18,4
20200715SKOBDH1,SK,1,0
20200716SKOBDH0,SK,19,2
20200717WOSKDH0,SK,21,10
20200718WOSKDH0,SK,22,4
20200719WOSKDH0,SK,22,6
20200721LTSKDH0,SK,24,9
20200724SKHHDH0,SK,24,7
20200726SKHHDH0,SK,22,8
20200727SKHHDH0,SK,17,6
20200727SKHHDH1,SK,4,0
20200728LGSKDH0,SK,18,4
20200728LGSKDH1,SK,3,1
20200729LGSKDH0,SK,30,10
20200730LGSKDH0,SK,17,3
20200731SKKTDH0,SK,22,4
20200801SKKTDH0,SK,20,6
20200804LTSKDH0,SK,24,6
20200806LTSKDH0,SK,24,5
20200807SSSKDH0,SK,25,4
20200808SSSKDH0,SK,19,3
20200811SKKTDH0,SK,25,4
20200811SKKTDH1,SK,1,0
20200812SKKTDH0,SK,32,12
20200813SKKTDH0,SK,36,15
20200814SKHTDH0,SK,30,12
20200815SKHTDH0,SK,26,6
20200816SKHTDH0,SK,31,7
20200818HHSKDH0,SK,20,5
20200818HHSKDH1,SK,0,0
20200819HHSKDH0,SK,38,17
20200819HHSKDH1,SK,4,3
20200820SSSKDH0,SK,30,10
20200821SSSKDH0,SK,27,10
20200822OBSKDH0,SK,29,6
20200823OBSKDH0,SK,25,6
20200825SKLTDH0,SK,24,8
20200825SKLTDH1,SK,4,2
20200826SKLTDH0,SK,22,4
20200827HTSKDH0,SK,29,12
20200828HTSKDH0,SK,25,7
20200829SKNCDH0,SK,27,6
20200830SKNCDH0,SK,26,6
20200901LGSKDH0,SK,28,10
20200903SKKTDH0,SK,25,5
20200904SKKTDH0,SK,51,12
20200905SKOBDH0,SK,23,5
20200906SKOBDH0,SK,18,1
20200908WOSKDH0,SK,28,11
20200908WOSKDH1,SK,5,1
20200909WOSKDH0,SK,27,8
20200910SKHHDH0,SK,28,7
20200911SKHHDH0,SK,23,5
20200912LTSKDH0,SK,20,4
20200913LTSKDH0,SK,21,4
20200915SKHTDH0,SK,26,12
20200915SKHTDH1,SK,2,1
20200916SKHTDH0,SK,28,9
20200917NCSKDH0,SK,20,3
20200918NCSKDH0,SK,21,5
20200919KTSKDH0,SK,25,3
20200920KTSKDH0,SK,20,3
20200922SKLGDH0,SK,26,3
20200923SKLGDH0,SK,28,8
20200924SKWODH0,SK,24,6
20200925SKWODH0,SK,35,8
20200926SKSSDH0,SK,26,6
20200927SKSSDH0,SK,32,13
20200505WOHTDH0,HT,28,5
20200505WOHTDH1,HT,4,1
20200506WOHTDH0,HT,35,9
20200507WOHTDH0,HT,38,16
20200508HTSSDH0,HT,27,5
20200508HTSSDH1,HT,3,0
20200509HTSSDH0,HT,29,7
20200510HTSSDH0,HT,42,15
20200512HTHHDH0,HT,30,4
20200513HTHHDH0,HT,33,8
20200514HTHHDH0,HT,32,5
20200515OBHTDH0,HT,36,8
20200516OBHTDH0,HT,38,16
20200517OBHTDH0,HT,35,8
20200519LTHTDH0,HT,35,16
20200520LTHTDH0,HT,33,9
20200521LTHTDH0,HT,32,9
20200522HTSKDH0,HT,33,8
20200523HTSKDH0,HT,34,9
20200524HTSKDH0,HT,50,15
20200526HTKTDH0,HT,35,12
20200527HTKTDH0,HT,28,5
20200527HTKTDH1,HT,3,0
20200528HTKTDH0,HT,31,8
20200529LGHTDH0,HT,31,7
20200530LGHTDH0,HT,37,14
20200531LGHTDH0,HT,37,11
20200602LTHTDH0,HT,35,12
20200603LTHTDH0,HT,37,14
20200604LTHTDH0,HT,32,8
20200605HTOBDH0,HT,29,5
20200606HTOBDH0,HT,31,7
20200607HTOBDH0,HT,32,9
20200609HTKTDH0,HT,29,5
20200610HTKTDH0,HT,19,5
20200611HTKTDH0,HT,38,15
20200612HTSKDH0,HT,31,8
20200613HTSKDH0,HT,29,6
20200614HTSKDH0,HT,31,7
20200616NCHTDH0,HT,29,8
20200617NCHTDH0,HT,25,9
20200617NCHTDH1,HT,4,1
20200619SSHTDH0,HT,29,11
20200620SSHTDH0,HT,28,9
20200620SSHTDH1,HT,3,0
20200621SSHTDH0,HT,34,9
20200623HTLTDH0,HT,35,11
20200626HTWODH0,HT,36,12
20200627HTWODH0,HT,29,2
20200628HTWODH0,HT,26,2
20200701HHHTDH0,HT,35,11
20200702HHHTDH0,HT,37,13
20200703HTNCDH0,HT,34,9
20200704HTNCDH0,HT,31,8
20200705HTNCDH0,HT,30,8
20200707KTHTDH0,HT,28,5
20200707KTHTDH1,HT,2,0
20200708KTHTDH0,HT,29,9
20200708KTHTDH1,HT,4,0
20200709KTHTDH0,HT,26,8
20200709KTHTDH1,HT,4,1
20200710WOHTDH0,HT,44,15
20200711WOHTDH0,HT,33,10
20200713WOHTDH0,HT,31,13
20200713WOHTDH1,HT,5,3
20200714HTSSDH0,HT,32,8
20200715HTSSDH0,HT,34,9
20200716HTSSDH0,HT,30,8
20200717OBHTDH0,HT,28,9
20200718OBHTDH0,HT,31,9
20200719OBHTDH0,HT,31,8
20200719OBHTDH1,HT,0,0
20200721HTHHDH0,HT,37,15
20200722HTHHDH0,HT,29,5
20200725SSHTDH0,HT,29,9
20200726SSHTDH0,HT,33,11
20200730KTHTDH0,HT,31,8
20200731HTLTDH0,HT,30,8
20200801HTLTDH0,HT,31,8
20200801HTLTDH1,HT,3,1
20200802HTLTDH0,HT,30,4
20200804LGHTDH0,HT,36,8
20200805LGHTDH0,HT,28,8
20200805LGHTDH1,HT,5,1
20200806LGHTDH0,HT,34,12
20200808NCHTDH0,HT,28,4
20200809NCHTDH0,HT,31,4
20200811HTLGDH0,HT,34,11
20200812HTLGDH0,HT,27,2
20200813HTLGDH0,HT,30,5
20200814SKHTDH0,HT,29,6
20200815SKHTDH0,HT,37,16
20200815SKHTDH1,HT,0,0
20200816SKHTDH0,HT,34,14
20200818HTLGDH0,HT,36,11
20200819HTLGDH0,HT,33,7
20200820NCHTDH0,HT,29,4
20200821NCHTDH0,HT,32,9
20200822HTWODH0,HT,31,6
20200823HTWODH0,HT,28,8
20200825HTOBDH0,HT,25,7
20200826HTOBDH0,HT,37,15
20200827HTSKDH0,HT,32,8
20200828HTSKDH0,HT,35,12
20200828HTSKDH1,HT,4,1
20200830KTHTDH0,HT,62,19
20200830KTHTDH1,HT,2,1
20200901SSHTDH0,HT,28,7
20200903HTLTDH0,HT,32,8
20200904HTLTDH0,HT,65,17
20200905HTHHDH0,HT,36,13
20200906HTHHDH0,HT,34,10
20200908LGHTDH0,HT,30,7
20200910OBHTDH0,HT,31,7
20200912HTNCDH0,HT,40,14
20200913HTNCDH0,HT,29,8
20200913HTNCDH1,HT,4,2
20200915SKHTDH0,HT,28,5
20200916SKHTDH0,HT,33,10
20200917HTSSDH0,HT,39,15
20200918HTSSDH0,HT,38,14
20200919HHHTDH0,HT,29,10
20200920HHHTDH0,HT,33,9
20200922WOHTDH0,HT,30,4
20200923WOHTDH0,HT,32,5
20200924HTKTDH0,HT,38,16
20200924HTKTDH1,HT,0,0
20200925HTKTDH0,HT,34,11
20200925HTKTDH1,HT,3,1
20200926LTHTDH0,HT,33,8
20200927LTHTDH0,HT,33,9
20200927LTHTDH1,HT,4,0
20200505OBLGDH0,LG,26,9
20200505OBLGDH1,LG,0,0
20200506OBLGDH0,LG,30,6
20200507OBLGDH0,LG,28,6
20200508LGNCDH0,LG,31,9
20200510LGNCDH0,LG,34,12
20200510LGNCDH1,LG,6,3
20200512SKLGDH0,LG,34,12
20200513SKLGDH0,LG,30,11
20200514SKLGDH0,LG,31,10
20200516WOLGDH0,LG,50,12
20200517WOLGDH0,LG,21,4
20200519LGSSDH0,LG,36,12
20200520LGSSDH0,LG,29,6
20200521LGSSDH0,LG,29,6
20200522KTLGDH0,LG,30,9
20200523KTLGDH0,LG,28,6
20200524KTLGDH0,LG,30,8
20200526LGHHDH0,LG,31,8
20200527LGHHDH0,LG,40,18
20200528LGHHDH0,LG,34,12
20200529LGHTDH0,LG,27,9
20200530LGHTDH0,LG,30,5
20200531LGHTDH0,LG,37,16
20200531LGHTDH1,LG,5,3
20200602SSLGDH0,LG,30,5
20200603SSLGDH0,LG,35,12
20200604SSLGDH0,LG,32,13
20200604SSLGDH1,LG,0,0
20200605LGWODH0,LG,29,6
20200606LGWODH0,LG,27,6
20200607LGWODH0,LG,39,14
20200609SKLGDH0,LG,36,11
20200611SKLGDH0,LG,52,14
20200612LTLGDH0,LG,22,3
20200613LTLGDH0,LG,29,6
20200614LTLGDH0,LG,31,14
20200616LGHHDH0,LG,36,15
20200617LGHHDH0,LG,30,12
20200618LGHHDH0,LG,34,11
20200618LGHHDH1,LG,1,0
20200619OBLGDH0,LG,37,13
20200620OBLGDH0,LG,31,8
20200621OBLGDH0,LG,29,6
20200623WOLGDH0,LG,33,9
20200625WOLGDH0,LG,60,15
20200626LGSKDH0,LG,23,2
20200627LGSKDH0,LG,34,10
20200628LGSKDH0,LG,34,10
20200630KTLGDH0,LG,34,9
20200701KTLGDH0,LG,30,8
20200702KTLGDH0,LG,31,6
20200703LGSSDH0,LG,33,10
20200704LGSSDH0,LG,36,8
20200705LGSSDH0,LG,26,5
20200705LGSSDH1,LG,5,2
20200707LGOBDH0,LG,33,11
20200708LGOBDH0,LG,31,11
20200709LGOBDH0,LG,26,2
20200710NCLGDH0,LG,24,5
20200711NCLGDH0,LG,38,12
20200711NCLGDH1,LG,5,1
20200714LGLTDH0,LG,26,2
20200715LGLTDH0,LG,40,14
20200716LGLTDH0,LG,38,16
20200717HHLGDH0,LG,30,10
20200718HHLGDH0,LG,24,5
20200719HHLGDH0,LG,28,5
20200721LGKTDH0,LG,37,13
20200724LGOBDH0,LG,37,15
20200725LGOBDH0,LG,34,10
20200726LGOBDH0,LG,32,7
20200728LGSKDH0,LG,45,23
20200729LGSKDH0,LG,35,12
20200730LGSKDH0,LG,37,13
20200731HHLGDH0,LG,28,4
20200801HHLGDH0,LG,34,11
20200801HHLGDH1,LG,5,4
20200804LGHTDH0,LG,35,13
20200804LGHTDH1,LG,4,1
20200805LGHTDH0,LG,30,11
20200805LGHTDH1,LG,4,0
20200806LGHTDH0,LG,28,4
20200807LGWODH0,LG,36,10
20200807LGWODH1,LG,0,0
20200808LGWODH0,LG,32,8
20200809LGWODH0,LG,27,4
20200809LGWODH1,LG,3,0
20200811HTLGDH0,LG,35,9
20200812HTLGDH0,LG,34,12
20200813HTLGDH0,LG,29,8
20200814LGNCDH0,LG,39,16
20200815LGNCDH0,LG,39,15
20200816LGNCDH0,LG,29,6
20200816LGNCDH1,LG,3,1
20200818HTLGDH0,LG,37,12
20200819HTLGDH0,LG,33,12
20200820LGWODH0,LG,35,9
20200821LGWODH0,LG,35,10
20200823HHLGDH0,LG,30,6
20200824HHLGDH0,LG,31,5
20200825LGSSDH0,LG,32,7
20200825LGSSDH1,LG,1,0
20200826LGSSDH0,LG,36,10
20200827KTLGDH0,LG,27,5
20200828KTLGDH0,LG,37,12
20200829OBLGDH0,LG,37,10
20200830OBLGDH0,LG,28,8
20200901LGSKDH0,LG,29,11
20200901LGSKDH1,LG,0,0
20200903NCLGDH0,LG,30,9
20200904NCLGDH0,LG,38,11
20200904NCLGDH1,LG,6,2
20200906LGLTDH0,LG,42,14
20200907LGLTDH0,LG,35,13
20200908LGHTDH0,LG,34,11
20200910WOLGDH0,LG,34,10
20200911WOLGDH0,LG,30,8
20200912SSLGDH0,LG,29,2
20200913SSLGDH0,LG,30,4
20200915LGHHDH0,LG,37,7
20200916LGHHDH0,LG,39,15
20200917LTLGDH0,LG,33,8
20200918LTLGDH0,LG,34,7
20200919LGOBDH0,LG,39,17
20200920LGOBDH0,LG,37,10
20200922SKLGDH0,LG,29,7
20200923SKLGDH0,LG,31,10
20200924LGNCDH0,LG,35,9
20200925LGNCDH0,LG,33,7
20200926LGKTDH0,LG,29,7
20200927LGKTDH0,LG,35,9
20200505NCSSDH0,SS,26,3
20200506NCSSDH0,SS,29,4
20200507NCSSDH0,SS,28,4
20200508HTSSDH0,SS,25,6
20200508HTSSDH1,SS,2,0
20200509HTSSDH0,SS,33,11
20200510HTSSDH0,SS,28,6
20200512SSWODH0,SS,27,6
20200512SSWODH1,SS,3,0
20200513SSWODH0,SS,28,3
20200514SSWODH0,SS,30,13
20200515SSKTDH0,SS,34,11
20200516SSKTDH0,SS,30,8
20200517SSKTDH0,SS,24,4
20200517SSKTDH1,SS,2,0
20200519LGSSDH0,SS,32,11
20200520LGSSDH0,SS,26,5
20200521LGSSDH0,SS,27,2
20200522OBSSDH0,SS,31,10
20200522OBSSDH1,SS,4,2
20200523OBSSDH0,SS,35,10
20200524OBSSDH0,SS,32,13
20200526SSLTDH0,SS,29,4
20200527SSLTDH0,SS,20,5
20200527SSLTDH1,SS,4,2
20200528SSLTDH0,SS,26,5
20200529NCSSDH0,SS,30,7
20200530NCSSDH0,SS,28,10
20200530NCSSDH1,SS,1,0
20200531NCSSDH0,SS,27,8
20200602SSLGDH0,SS,27,6
20200603SSLGDH0,SS,29,9
20200603SSLGDH1,SS,4,1
20200604SSLGDH0,SS,26,3
20200604SSLGDH1,SS,1,0
20200605SSSKDH0,SS,21,3
20200605SSSKDH1,SS,4,3
20200606SSSKDH0,SS,28,5
20200607SSSKDH0,SS,23,8
20200607SSSKDH1,SS,2,1
20200609WOSSDH0,SS,31,10
20200610WOSSDH0,SS,20,5
20200610WOSSDH1,SS,3,1
20200611WOSSDH0,SS,23,7
20200611WOSSDH1,SS,1,0
20200613KTSSDH0,SS,50,13
20200613KTSSDH1,SS,4,2
20200614KTSSDH0,SS,31,14
20200616SSOBDH0,SS,29,7
20200617SSOBDH0,SS,31,8
20200618SSOBDH0,SS,25,6
20200619SSHTDH0,SS,29,6
20200620SSHTDH0,SS,27,8
20200621SSHTDH0,SS,36,16
20200623HHSSDH0,SS,28,9
20200624HHSSDH0,SS,33,11
20200625HHSSDH0,SS,27,7
20200626SSLTDH0,SS,40,13
20200627SSLTDH0,SS,37,12
20200628SSLTDH0,SS,31,5
20200630SKSSDH0,SS,26,8
20200630SKSSDH1,SS,4,0
20200701SKSSDH0,SS,28,10
20200701SKSSDH1,SS,4,0
20200702SKSSDH0,SS,31,11
20200703LGSSDH0,SS,32,11
20200704LGSSDH0,SS,44,13
20200705LGSSDH0,SS,36,10
20200707SSWODH0,SS,39,19
20200708SSWODH0,SS,34,9
20200709SSWODH0,SS,30,9
20200710SSKTDH0,SS,34,8
20200711SSKTDH0,SS,30,8
20200711SSKTDH1,SS,4,2
20200714HTSSDH0,SS,25,7
20200715HTSSDH0,SS,27,6
20200716HTSSDH0,SS,33,12
20200717LTSSDH0,SS,34,16
20200718LTSSDH0,SS,23,7
20200718LTSSDH1,SS,4,1
20200719LTSSDH0,SS,22,2
20200719LTSSDH1,SS,4,3
20200721SSNCDH0,SS,31,8
20200725SSHTDH0,SS,29,7
20200726SSHTDH0,SS,31,11
20200729HHSSDH0,SS,29,8
20200730HHSSDH0,SS,36,6
20200731WOSSDH0,SS,30,8
20200731WOSSDH1,SS,3,0
20200801WOSSDH0,SS,29,7
20200802WOSSDH0,SS,32,9
20200804SSOBDH0,SS,30,6
20200805SSOBDH0,SS,20,5
20200805SSOBDH1,SS,4,3
20200806SSOBDH0,SS,29,8
20200807SSSKDH0,SS,18,4
20200808SSSKDH0,SS,13,4
20200811OBSSDH0,SS,25,7
20200812OBSSDH0,SS,25,10
20200812OBSSDH1,SS,4,1
20200813OBSSDH0,SS,20,6
20200814SSHHDH0,SS,31,11
20200815SSHHDH0,SS,23,3
20200816SSHHDH0,SS,26,5
20200818KTSSDH0,SS,27,4
20200819KTSSDH0,SS,23,9
20200819KTSSDH1,SS,4,1
20200820SSSKDH0,SS,27,6
20200821SSSKDH0,SS,27,9
20200822LTSSDH0,SS,32,10
20200823LTSSDH0,SS,25,3
20200825LGSSDH0,SS,29,7
20200826LGSSDH0,SS,28,8
20200826LGSSDH1,SS,4,1
20200827SSHHDH0,SS,28,7
20200829SSWODH0,SS,34,10
20200830SSWODH0,SS,31,9
20200830SSWODH1,SS,1,1
20200901SSHTDH0,SS,23,4
20200901SSHTDH1,SS,3,0
20200903OBSSDH0,SS,34,16
20200904OBSSDH0,SS,31,16
20200906NCSSDH0,SS,31,10
20200908HHSSDH0,SS,34,7
20200909HHSSDH0,SS,53,9
20200910SSLTDH0,SS,30,7
20200910SSLTDH1,SS,3,1
20200911SSLTDH0,SS,31,6
20200911SSLTDH1,SS,4,2
20200912SSLGDH0,SS,29,7
20200913SSLGDH0,SS,37,16
20200913SSLGDH1,SS,4,2
20200915SSKTDH0,SS,32,13
20200915SSKTDH1,SS,4,1
20200916SSKTDH0,SS,32,12
20200916SSKTDH1,SS,5,2
20200917HTSSDH0,SS,30,7
20200917HTSSDH1,SS,3,0
20200918HTSSDH0,SS,26,6
20200918HTSSDH1,SS,5,1
20200919WOSSDH0,SS,34,11
20200920WOSSDH0,SS,39,17
20200920WOSSDH1,SS,0,0
20200922SSNCDH0,SS,33,6
20200923SSNCDH0,SS,32,8
20200923SSNCDH1,SS,4,2
20200924SSOBDH0,SS,32,7
20200925SSOBDH0,SS,28,7
20200926SKSSDH0,SS,32,12
20200927SKSSDH0,SS,26,3
20200927SKSSDH1,SS,2,0
